Amplitude,Frequency,Phase,Negative Peak,Peak to Peak,Positive Peak,Arithmetic Mean,RMS,Standard Dev,Variance,Kurtosis,Median,Mode,Skewness,Classe
23.269969,0.002371,109.587333,-5.508273,-95.7359,186.756599,91.020699,35.877787,35.478834,1258.747697,2.631489,-7.233729,-3.291384,0.125725,Open
20.228614,0.008844,-24.566179,-1.906988,-121.875545,225.508914,103.63337,33.693297,33.6477,1132.167748,3.19807,-4.611413,-5.738454,0.145538,Open
4.019768,0.081862,-156.32508,-0.00384,-22.545449,45.654189,23.108741,6.837584,6.838871,46.770152,3.262326,0.019285,-1.772792,-0.000863,Close
18.013129,0.003136,-48.045189,-0.374182,-119.804057,302.796877,182.99282,35.672763,35.676161,1272.78845,3.62069,-2.518922,-15.339134,0.330493,Open
2.824606,0.086699,36.691397,0.004152,-22.903088,45.814339,22.911251,6.319736,6.320528,39.949071,3.382858,0.013806,-1.141277,-0.001288,Close
16.611392,0.0018,155.180898,-0.125584,-138.824067,338.358134,199.534067,35.567698,35.571296,1265.317129,4.580419,-2.0545,-8.556186,0.46655,Open
14.218063,0.002057,117.887883,1.787639,-139.399302,338.030508,198.631206,37.944567,37.905601,1436.834564,4.849174,0.327877,-9.257556,0.568516,Open
16.413749,0.001599,29.744728,-0.981138,-162.148662,341.660248,179.511587,39.723002,39.713599,1577.169931,4.377485,-1.698271,3.556559,0.254851,Open
2.271099,0.082118,-102.311652,-0.001374,-28.61856,57.367004,28.748444,6.093267,6.09365,37.132564,3.948942,0.007003,0.925447,-0.000588,Close
14.97904,0.001779,-143.298905,-0.202764,-162.224687,341.638385,179.413698,40.448528,40.450361,1636.231712,4.224978,-1.014688,3.46993,0.249916,Open
2.302155,0.080201,-75.961915,-0.001504,-28.61856,57.367004,28.748444,6.238721,6.239056,38.925822,4.058834,-0.023477,-0.221893,-0.000188,Close
13.219215,0.000646,38.568635,-0.114313,-161.481266,347.355614,185.874348,39.694212,39.696039,1575.775511,4.405324,-1.919869,3.512651,0.390253,Open
15.138951,0.001544,17.931486,0.467695,-162.024088,348.240674,186.216585,40.437578,40.43703,1635.153402,4.324532,-1.329252,-0.092175,0.381157,Open
2.233504,0.080121,-7.011273,-0.000211,-30.629044,61.445038,30.815994,6.617242,6.617622,43.792926,4.267577,-0.021799,-0.21375,-0.000161,Close
16.090025,0.001538,36.75592,0.508995,-147.129723,333.578151,186.448427,38.081003,38.079968,1450.08393,3.974576,-1.39325,1.312554,0.381208,Open
15.672947,0.001535,53.613896,0.627392,-139.792611,326.016579,186.223968,38.430504,38.428242,1476.729797,3.961161,-1.492959,-1.235565,0.43057,Open
13.834226,0.001506,91.999354,0.945238,-137.445961,324.621182,187.175221,38.385156,38.377074,1472.799846,4.139825,-0.928033,0.518042,0.428621,Open
2.52423,0.076948,-119.318374,-0.00039,-30.629044,61.445038,30.815994,6.719674,6.720386,45.163591,4.138337,-0.038812,-0.21375,9.92E-05,Close
13.316566,0.004423,-19.418522,0.641456,-130.183969,315.259545,185.075576,37.548131,37.547271,1409.797569,3.988015,-1.413902,0.648742,0.461907,Open
3.186979,0.076876,5.160039,-0.000542,-30.629044,61.445038,30.815994,6.782625,6.783625,46.017566,4.070516,-0.005189,-0.21375,-4.85E-05,Close
18.406004,0.001947,-98.777866,0.691544,-130.609202,255.312722,124.703519,35.807792,35.807658,1282.188357,3.428736,-0.285234,0.876849,0.184792,Open
29.737135,0.004619,-124.836498,0.850865,-130.876219,238.811165,107.934946,34.665181,34.66705,1201.804343,3.509312,0.383742,-0.724134,-0.16121,Open
4.798789,0.079311,-127.948749,-0.0025,-18.882591,37.215549,18.332959,6.495429,6.499846,42.247994,2.918536,-0.016616,-0.460894,0.001493,Close
17.363082,0.003558,-20.005543,12.195946,-55.964713,166.532877,110.568164,31.768673,29.356258,861.789886,2.563826,12.295637,34.795705,0.069702,Open
3.209322,0.086018,190.236212,0.011292,-17.524464,34.683447,17.158983,4.709278,4.711038,22.193884,3.970414,-0.012073,1.378014,0.006415,Close
16.446871,0.001141,120.496811,-4.288604,-150.661155,260.51488,109.853725,36.280273,36.034919,1298.515358,3.368665,-5.67409,-16.495992,-0.050308,Open
26.610403,0.001975,124.85519,0.064193,-182.605437,371.144533,188.539096,47.487015,47.494108,2255.690261,5.422733,0.07781,1.111106,0.116556,Open
3.3694,0.083435,46.660426,-0.002974,-26.964114,53.778404,26.81429,7.08231,7.083198,50.171692,3.656109,-0.01536,1.269548,0.001024,Close
12.420008,0.000726,99.034865,0.735256,-141.620019,288.093032,146.473013,34.057847,34.053567,1159.645403,3.622952,0.396726,-10.537689,0.160759,Open
19.260954,0.001085,-119.274483,0.096459,-141.19814,288.140337,146.942197,36.376593,36.379504,1323.468319,3.3551,-1.253876,-10.094287,0.214669,Open
1.854933,0.081128,31.095748,0.00105,-26.96411,53.778396,26.814286,6.315218,6.315693,39.88798,3.974811,-0.006188,-0.343804,-0.000516,Close
13.118439,0.001178,-76.433673,-0.204205,-187.70749,332.349798,144.642309,40.289846,40.292083,1623.451987,4.399557,-0.420813,10.04064,-0.266409,Open
16.370273,0.001569,-65.569378,-0.887432,-187.919752,313.502383,125.582632,38.224988,38.216897,1460.531216,4.413943,-0.116579,1.74919,-0.355193,Open
14.156867,0.001546,-20.803521,-0.560191,-188.038183,313.43312,125.394937,37.209941,37.20759,1384.404758,4.325747,0.638596,1.588854,-0.411708,Open
1.917156,0.077123,-130.360186,-0.00025,-32.919526,65.343749,32.424223,5.963005,5.963302,35.560975,4.054952,-0.033208,-0.57437,-9.17E-05,Close
11.692713,0.001514,46.338625,0.157248,-188.224655,312.997411,124.772757,37.37678,37.378443,1397.147994,4.474671,1.277226,-1.991195,-0.46429,Open
2.260617,0.077143,-24.556088,-0.000288,-32.919526,65.343749,32.424223,5.880641,5.880979,34.585912,4.003009,-0.030637,-0.57437,-8.02E-05,Close
10.533622,0.001495,86.040789,0.186285,-186.875955,313.108558,126.232603,37.962509,37.964411,1441.296495,4.521298,1.724043,-0.576363,-0.533733,Open
13.293841,0.000692,-104.659065,-0.083366,-121.203116,231.007258,109.804142,33.589708,33.592104,1128.429464,3.020667,0.43869,0.075694,-0.113444,Open
14.85777,0.000678,-141.041653,0.288039,-118.523986,226.882624,108.358639,33.954675,33.956602,1153.050817,2.992769,1.208333,-1.679434,-0.105825,Open
2.892081,0.078742,92.918842,-0.000531,-32.919526,65.343749,32.424223,5.912159,5.912785,34.961026,4.452492,0.000495,0.732505,0.000264,Close
15.24416,0.003008,-93.647575,0.453686,-117.933556,226.552534,108.618978,36.238727,36.240346,1313.362662,2.822372,0.698998,-1.259001,-0.094326,Open
21.013064,0.003085,-134.454298,0.234239,-117.2871,226.100685,108.813584,36.608595,36.614537,1340.62433,2.818626,-0.607964,-0.845248,-0.079157,Open
3.282488,0.082991,106.337802,-0.001214,-15.365008,30.304511,14.939503,5.300917,5.302202,28.113345,2.907891,0.006774,0.847905,0.000764,Close
26.46314,0.00146,-3.703025,0.20583,-101.463148,199.752361,98.289214,36.931316,36.943864,1364.849123,2.772804,0.934802,1.409318,-0.024277,Open
2.701137,0.075933,-67.91824,-0.003404,-18.315178,36.216139,17.900962,5.291048,5.294645,28.03327,3.81351,-0.127162,-1.474673,0.003092,Close
17.196253,0.002305,-107.284783,4.08541,-63.442326,165.303068,101.860742,27.882504,27.602123,761.877218,3.357129,2.128665,-13.02489,0.560274,Open
3.271968,0.082436,105.268106,-0.002804,-17.175127,34.761881,17.586754,4.945606,4.947468,24.477439,3.901234,-0.001979,1.07486,0.000902,Close
24.912127,0.000713,184.220674,0.830304,-107.825622,244.000076,136.174454,37.867002,37.867366,1433.937382,3.360243,-1.860943,-13.885593,0.47882,Open
25.780489,0.000703,55.595615,0.208581,-120.125652,293.332089,173.206437,40.998039,41.003669,1681.300892,3.775914,-1.293178,-10.126118,0.313493,Open
18.375186,0.000521,81.66931,0.426435,-123.375512,291.61898,168.243468,39.157545,39.159429,1533.460859,3.519413,0.812847,-11.102205,0.043734,Open
2.676381,0.079027,80.285524,0.000137,-27.2003,55.034684,27.834384,6.213396,6.213981,38.613562,4.262488,0.021776,0.041868,0.000184,Close
16.015761,0.001935,92.020986,-0.391397,-122.983938,272.569416,149.585478,35.064236,35.064981,1229.552906,3.247342,-1.123629,-12.593325,0.105839,Open
13.355796,0.001907,-38.994946,-1.429721,-128.971605,281.517545,152.545939,37.280297,37.255419,1387.966261,3.212629,-2.365575,-9.326649,0.125503,Open
2.23154,0.083258,191.48601,0.005446,-26.891479,54.407706,27.516227,6.421994,6.422394,41.247148,3.708488,0.025084,0.040336,0.008963,Close
17.502982,0.000546,-64.47536,0.207349,-128.492665,260.139822,131.647157,39.127525,39.12924,1531.097456,2.906766,-0.955579,-17.93324,0.090819,Open
2.603119,0.083204,89.776609,0.000903,-27.423038,55.266398,27.84336,6.554984,6.555336,42.972434,3.641506,0.013682,1.039157,-8.47E-05,Close
23.717594,0.000567,135.806582,5.249615,-516.065464,880.218974,364.15351,62.459574,62.241695,3874.028568,18.620847,1.022591,-9.939554,0.403833,Open
24.267722,0.000612,-28.103847,3.621935,-515.746588,880.211358,364.46477,64.921951,64.824297,4202.189441,16.930269,-1.170197,-0.822944,0.436924,Open
24.563913,0.000637,244.170357,4.183612,-515.357653,880.211682,364.854029,67.925467,67.800721,4596.937705,16.399949,-1.275612,-0.433819,0.434688,Open
2.832673,0.080353,-13.711241,-2.73E-05,-31.827578,63.032383,31.204805,6.732665,6.733121,45.334919,4.071823,-0.01546,0.003776,0.000241,Close
20.693828,0.000577,-226.173276,5.141831,-516.237092,880.2072,363.970108,72.408725,72.231305,5217.361484,15.161926,-1.3749,-18.920024,0.376374,Open
3.031295,0.080337,-110.371514,-3.33E-05,-31.827578,63.032383,31.204805,6.776433,6.776993,45.927637,4.108671,-0.043349,0.003776,0.000237,Close
22.539376,0.000667,124.310371,6.484582,-515.507474,880.186599,364.679124,77.889504,77.626301,6025.842546,14.083994,-0.867453,-0.598314,0.356013,Open
41.481703,0.000793,-63.736008,8.197299,-515.823019,880.224586,364.401567,86.129551,85.749129,7352.913206,12.470792,-0.857701,-0.891637,0.298264,Open
85.923523,0.000849,-84.609817,11.882749,-517.049394,880.273812,363.224417,102.860843,102.190852,10442.97016,9.139358,-0.358622,-46.102905,0.129254,Open
6.681584,0.079634,198.332364,-9.77E-05,-31.827578,63.032383,31.204805,6.994737,6.996432,48.950056,5.125326,-0.04409,0.003776,0.000724,Close
71.429057,0.001578,151.811759,23.906756,-517.592022,880.275578,362.683556,137.948391,135.909324,18471.34445,5.65007,-5.136277,-46.644588,-0.140834,Open
18.825846,0.011099,110.330376,-3.681537,-69.067934,258.42855,189.360616,36.369691,36.209831,1311.15186,10.376663,-8.946646,-3.168654,2.159486,Open
83.065458,0.001301,-122.355274,-10.648164,-210.820786,485.245766,274.424981,85.40981,84.764644,7185.044843,3.586673,-19.539937,-28.853623,0.603615,Open
3.331884,0.083738,-1.586104,-0.001517,-17.245457,33.785504,16.540047,4.65447,4.655346,21.672246,3.083618,0.013124,0.154078,-0.000613,Close
36.457412,0.000766,97.518896,2.162777,-209.292392,443.370491,234.078099,66.994379,66.969522,4484.916864,3.605774,2.083213,-11.992524,-0.113638,Open
27.992832,0.001658,-11.259719,1.232943,-121.846321,341.480577,219.634256,46.583843,46.572525,2169.000127,4.087788,-2.939171,-21.109551,0.709533,Open
1.71931,0.086904,78.082899,-0.00095,-18.888112,37.852678,18.964565,4.91997,4.920433,24.210665,3.487809,-0.020225,-0.908091,0.001678,Close
23.032963,0.001047,194.026418,0.739137,-122.004335,341.267464,219.263129,45.278937,45.276686,2049.978334,4.088509,-2.60919,-21.330433,0.651943,Open
1.758426,0.075328,-34.436969,0.0012,-18.888112,37.852678,18.964565,5.198083,5.198474,27.024136,3.393589,0.001867,-0.908091,0.000723,Close
21.561109,0.000421,248.595777,0.317112,-143.124068,361.766654,218.642586,45.366886,45.36888,2058.335314,4.525755,-3.362807,-7.461573,0.745069,Open
21.184256,0.000529,-55.509083,-0.61461,-146.339758,354.777616,208.437858,45.990657,45.989212,2115.00761,4.062781,-3.71564,-13.298152,0.575521,Open
19.745648,0.000673,31.35522,-0.118087,-145.590935,358.50148,212.910545,48.522981,48.525272,2354.701991,3.804241,-3.864873,-14.737895,0.546964,Open
1.956907,0.079891,120.359238,0.000294,-19.17278,39.412916,20.240136,5.618659,5.618939,31.572478,3.123115,0.04496,0.336614,-0.000169,Close
20.369954,0.000706,-46.856719,-0.18088,-145.860081,359.311853,213.451772,48.304449,48.306686,2333.535947,3.893194,-3.656241,6.847456,0.563462,Open
2.163799,0.079906,122.01311,0.000338,-19.17278,39.412916,20.240136,5.586416,5.586737,31.211626,3.168698,0.041902,0.336614,-0.000137,Close
22.398513,0.000788,172.556018,-0.328586,-146.737248,361.155444,214.418196,47.836959,47.838802,2288.551018,3.949792,-4.378269,6.753816,0.63364,Open
20.592391,0.00079,174.206583,-0.115206,-143.289576,357.134126,213.84455,48.646375,48.649858,2366.808693,3.76163,-4.332699,4.921086,0.577344,Open
2.400043,0.081239,-61.064706,0.000487,-19.17278,39.412916,20.240136,5.854694,5.855178,34.283105,2.979434,0.036777,-0.057516,-2.65E-05,Close
22.328024,0.002896,87.161777,-0.021864,-143.181462,357.384003,214.202541,49.495405,49.499991,2450.249073,3.506993,-4.05223,5.132899,0.502473,Open
28.285977,0.000569,-13.145037,0.062743,-142.858704,357.862389,215.003684,48.293324,48.299226,2332.815266,3.851842,-3.774374,5.654187,0.594525,Open
49.169335,0.000893,78.578396,-1.956806,-147.409537,345.62307,198.213533,48.161007,48.130034,2316.500169,3.541209,-4.687158,6.392729,0.397667,Open
3.50717,0.089771,214.019302,0.001427,-15.614924,31.128228,15.513304,5.78097,5.782371,33.435813,2.684039,0.038358,0.416113,0.000421,Close
15.164121,0.002533,-94.56773,-6.429022,-135.617714,280.113128,144.495414,41.899715,41.418259,1715.472159,3.769503,-4.250278,11.441678,0.028972,Open
48.977432,0.00402,-37.732372,5.794553,-102.553894,336.147657,233.593763,60.860561,60.62921,3675.901097,5.758615,-7.945839,-26.920671,1.634471,Open
2.669453,0.081449,12.426059,0.001594,-16.916555,34.068949,17.152394,4.851909,4.853737,23.558763,3.478984,-0.109768,-0.052425,-0.001826,Close
25.253383,0.014655,-34.118059,-4.586022,-123.387267,402.840257,279.45299,55.472679,55.296613,3057.715355,6.97685,-15.561323,-36.776612,1.690697,Open
23.981456,0.004108,-186.872007,-1.296865,-106.028736,343.818823,237.790087,52.775153,52.767145,2784.371574,6.469872,-11.848123,-18.354936,1.634328,Open
2.092414,0.08544,126.732557,-0.003105,-19.212444,38.504846,19.292402,4.904195,4.90481,24.057156,3.247433,0.000855,1.0026,-0.000727,Close
24.542412,0.004155,-10.408825,-1.02141,-134.633144,371.553412,236.920268,50.422381,50.41745,2541.919222,6.228051,-11.378815,-10.162751,1.573953,Open
21.472341,0.000805,38.201515,1.204429,-136.415246,411.815769,275.400523,49.976547,49.966207,2496.621794,5.933872,-7.764005,-23.165909,1.437092,Open
1.715241,0.080187,-64.857487,-0.00057,-18.471779,37.525278,19.053499,4.995631,4.996007,24.960087,3.282402,-0.006968,-1.397777,-0.000278,Close
19.202181,0.000657,-167.522384,0.881001,-137.889659,413.130103,275.240444,46.670776,46.665651,2177.682979,5.792205,-5.672818,-11.884978,1.278093,Open
12.858936,0.000711,101.430416,0.629808,-113.028393,387.486638,274.458244,45.952363,45.950706,2111.467349,5.961134,-5.756811,-14.219301,1.294384,Open
13.013391,0.000991,-227.094338,0.141903,-135.331487,367.644759,232.313272,45.102382,45.104421,2034.408821,5.362123,-4.973113,-12.170492,1.075326,Open
1.655716,0.077409,-163.685303,0.000148,-30.290745,59.571455,29.28071,5.424239,5.424509,29.425301,4.007698,0.007895,-0.802874,0.000152,Close
13.969023,0.000981,-102.60278,-0.628331,-135.039259,351.593302,216.554044,45.007331,45.005345,2025.481061,5.25503,-5.622902,3.840096,1.056339,Open
1.823492,0.077449,52.722118,0.00017,-30.290745,59.571455,29.28071,5.469693,5.470007,29.920974,4.144963,0.009256,-0.802874,0.000216,Close
14.838316,0.000964,46.24114,-0.81086,-134.460259,350.795362,216.335102,44.688668,44.684088,1996.667678,5.027103,-5.543542,4.103908,0.960288,Open
17.549081,0.000542,-168.442628,-1.037287,-134.088619,350.214196,216.125577,45.368637,45.360153,2057.543445,5.110602,-5.987674,4.245988,0.990058,Open
21.919049,0.000523,101.729612,-1.234564,-134.380876,350.560922,216.180047,46.267319,46.255134,2139.537448,4.979842,-6.314509,4.090688,0.966416,Open
2.386546,0.079298,-131.549297,0.000314,-19.778847,39.152587,19.37374,5.210365,5.210917,27.153659,3.78343,0.011381,-0.006791,0.000385,Close
30.233275,0.000618,-91.348911,-2.231451,-135.195519,346.367025,211.171507,46.957791,46.910513,2200.596227,4.630706,-7.188204,5.083127,0.868675,Open
34.306306,0.000829,98.634507,-2.256569,-132.867545,313.760196,180.89265,48.781889,48.738577,2375.44884,4.014757,-7.91126,6.755742,0.790246,Open
3.553501,0.076373,-140.67992,0.000717,-18.041032,36.076145,18.035113,5.436686,5.438003,29.571878,3.692042,-0.001822,0.177421,0.00075,Close
24.988979,0.001557,56.247829,-6.120215,-132.526113,313.686511,181.160398,50.95944,50.608562,2561.226556,4.14626,-14.263478,7.064384,0.930758,Open
5.592714,0.076946,-6.741634,0.002012,-16.439844,32.799133,16.359289,4.644139,4.647297,21.597367,4.521171,0.009172,0.45171,-0.002938,Close
40.350732,0.005969,219.547442,-3.819801,-85.282377,273.728787,188.446411,57.646458,57.562609,3313.453996,5.430733,-17.570363,-15.481536,1.626794,Open
2.886453,0.093117,122.113985,-0.007225,-13.371917,26.786042,13.414125,4.806615,4.80842,23.120907,2.650798,0.029257,-1.452128,-0.004761,Close
30.764288,0.001093,71.882932,-6.245451,-130.175085,407.497332,277.322247,56.743837,56.413196,3182.448635,6.677081,-16.548725,-22.188292,1.550654,Open
22.385337,0.000589,-69.297152,1.6897,-126.525683,370.411994,243.886311,53.104636,53.085723,2818.094031,4.754933,-5.941321,-32.070624,1.106266,Open
2.418977,0.08095,133.849932,0.001956,-18.985347,37.285433,18.300087,5.241824,5.242482,27.483617,3.444736,0.04858,0.216651,-0.000873,Close
24.69328,0.000927,0.246702,-1.754941,-151.019583,345.729521,194.709938,48.18006,48.15326,2318.736407,4.17947,-8.211616,-0.627241,0.868327,Open
16.809556,0.001457,90.423485,0.338273,-151.989567,352.431133,200.441566,47.946845,47.949658,2299.169681,4.399277,-6.57187,-5.730647,0.974811,Open
19.540345,0.003785,-172.117805,0.354571,-145.853578,348.108935,202.255357,46.804509,46.806367,2190.835965,4.40472,-5.571932,-4.869459,0.878573,Open
1.763818,0.079889,125.91438,0.0003,-29.040101,57.091568,28.051467,5.220552,5.220879,27.257581,4.232624,0.024048,-1.35069,1.75E-05,Close
16.415117,0.004554,63.076704,-0.799838,-119.828802,320.557614,200.728813,46.621807,46.617644,2173.204711,4.609862,-7.557489,-25.264306,1.024118,Open
12.403859,0.004941,102.743485,0.781543,-119.389081,330.462669,211.073589,45.580718,45.576304,2077.199459,4.552403,-5.393879,-8.684086,0.977301,Open
1.451135,0.08815,39.12924,-1.46E-07,-29.040101,57.091568,28.051467,5.088364,5.088618,25.89403,4.053803,-0.001149,-0.779775,8.65E-05,Close
12.176966,0.003768,173.277749,-0.053701,-119.449229,330.567347,211.118118,44.598066,44.600412,1989.196788,4.710213,-5.065134,1.207853,0.955312,Open
1.364272,0.083837,88.390626,-1.68E-07,-19.169542,38.692494,19.522953,4.937925,4.938209,24.385907,3.222934,-0.003368,-0.016757,0.000341,Close
13.594994,0.005536,-67.692602,-0.067883,-120.529006,331.780345,211.251339,44.391567,44.394273,1970.851456,4.754982,-5.070935,3.888623,0.945829,Open
13.092847,0.003751,189.297643,-0.134258,-122.924187,334.514593,211.590406,43.986507,43.989575,1935.082716,4.918407,-5.146485,2.518785,1.003704,Open
1.59759,0.083777,28.923306,-2.42E-07,-18.028788,35.647965,17.619177,4.777663,4.778058,22.829837,3.114089,-0.015162,-1.096005,-0.000109,Close
16.513099,0.005868,-44.226645,-0.269161,-113.204638,324.668806,211.464168,43.035413,43.038563,1852.31787,5.236768,-5.053769,2.052788,1.102542,Open
17.159441,0.001633,-84.830345,-0.26209,-113.878007,324.643978,210.765971,41.382614,41.386876,1712.873484,5.159558,-4.298966,4.617045,1.030202,Open
2.317185,0.087159,144.679544,-4.31E-07,-14.594386,28.948294,14.353908,4.706097,4.70679,22.153876,2.937939,-0.01711,0.024502,-0.000418,Close
23.516206,0.001712,-81.964821,-1.12169,-107.015689,261.168689,154.153,39.992351,39.983926,1598.714309,4.260856,-4.38618,3.981004,0.83162,Open
24.265502,0.001615,66.59006,-2.349379,-95.041203,242.109487,147.068284,36.015509,35.951569,1292.515278,4.994812,-2.392569,0.592044,0.866016,Open
33.575125,0.031481,-132.924662,6.605496,-97.372161,238.132442,140.760281,46.836001,46.403241,2153.260794,3.274275,12.561878,25.266047,0.216691,Open
23.624557,0.029378,10.046622,6.099927,-99.176698,267.710485,168.533787,40.361167,39.907693,1592.623981,2.987905,14.036486,38.694202,-0.340565,Open
2.862169,0.084693,72.435721,-0.001914,-19.358297,38.342037,18.98374,5.378229,5.379254,28.936369,3.520702,0.001202,0.004432,0.001878,Close
14.507726,0.0029,109.713728,2.692786,-131.387216,281.212613,149.825397,40.645463,40.562349,1645.304143,3.2919,11.788434,16.249406,-0.171565,Open
17.55575,0.000572,-132.910392,-0.168364,-128.171654,281.675629,153.503976,38.65501,38.658853,1494.50688,3.997842,5.677195,14.074539,-0.069081,Open
2.84624,0.084307,-84.727159,-0.003464,-15.638224,31.098185,15.459961,5.870594,5.871153,34.470435,2.371455,0.046252,0.999305,0.000641,Close
9.264933,0.020895,-104.043643,-0.677438,-114.243417,282.940544,168.697127,36.454961,36.451753,1328.730289,4.518862,4.412247,6.006314,-0.083425,Open
2.972292,0.080381,-80.708102,0.000191,-17.206372,34.6559,17.449528,5.867078,5.867525,34.42785,2.499686,0.048649,0.294858,0.000187,Close
11.152109,0.001337,-123.727098,-1.012531,-126.499373,287.951741,161.452367,34.744499,34.732149,1206.322146,4.159859,2.573841,4.518669,-0.229202,Open
15.524414,0.000376,216.184776,-1.931572,-136.84541,264.331554,127.486144,35.12543,35.074337,1230.209086,3.518637,1.664839,20.431865,-0.347295,Open
1.788731,0.082926,111.280734,0.000487,-20.98969,41.678673,20.688983,5.134888,5.135168,26.369946,3.085078,-0.016772,-1.192321,6.10E-06,Close
20.311866,0.000372,31.55764,-2.050723,-143.024477,272.109747,129.08527,35.184599,35.12657,1233.875948,3.852959,0.542632,5.275335,-0.280223,Open
20.015292,0.00039,-187.696669,-1.984372,-145.060155,287.528338,142.468183,34.704249,34.649356,1200.577893,4.107462,1.340966,3.016939,-0.337482,Open
18.254254,0.000433,-53.420788,-2.275975,-146.755035,289.998751,143.243716,35.472018,35.401175,1253.243165,3.875554,0.661178,-0.305666,-0.33944,Open
1.409983,0.08216,-144.841865,0.001074,-20.98969,41.678673,20.688983,4.881591,4.881929,23.833228,3.194372,-0.032984,-0.775534,-0.00042,Close
18.312336,0.000845,99.902106,-1.900595,-148.458007,281.134991,132.676984,34.812156,34.762885,1208.458151,3.915116,1.390518,18.817313,-0.390065,Open
22.268729,0.000832,128.012349,-2.253733,-148.428892,262.969106,114.540215,35.372956,35.30445,1246.404195,3.655153,0.916713,5.408036,-0.477799,Open
1.715128,0.086066,37.691453,0.001687,-20.98969,41.678673,20.688983,4.81598,4.816504,23.198709,3.360973,-0.03382,-1.192321,-0.000883,Close
17.301443,0.000781,193.432463,0.697205,-136.342887,262.392701,126.049814,34.395816,34.393119,1182.886613,3.797633,2.15913,-3.834573,-0.304447,Open
18.146084,0.000606,-93.727765,2.832672,-124.558816,263.112266,138.55345,34.241708,34.130843,1164.914459,4.19747,4.204443,5.681756,-0.142619,Open
2.854739,0.080532,-80.377657,0.003937,-14.302682,28.732457,14.429775,4.776833,4.778046,22.829721,2.995725,-0.003762,1.069182,-0.001375,Close
21.620895,0.001459,36.914856,5.480984,-87.554083,209.537639,121.983556,29.971744,29.47756,868.926566,4.499786,5.26904,-0.595963,-0.067554,Open
35.885574,0.007953,46.333119,-12.191549,-87.58165,250.483684,162.902033,48.822483,47.311872,2238.413191,4.558432,-28.466534,-38.737332,1.297439,Open
16.598495,0.004342,64.724111,-0.93327,-79.515114,235.108337,155.593223,34.77705,34.773361,1209.186655,6.069579,-1.687472,8.650513,1.122111,Open
1.555565,0.091296,-45.942055,-0.002092,-13.078458,25.739654,12.661197,2.775826,2.776354,7.708142,4.682718,-0.010235,-0.079932,0.001806,Close
20.174617,0.004669,-17.529052,1.293932,-87.529351,244.836551,157.3072,31.59999,31.578301,997.189102,5.185208,1.25305,11.629452,0.600285,Open
1.114635,0.085528,-65.992252,-0.000489,-10.611605,20.965418,10.353813,2.74235,2.742698,7.522392,3.405086,-0.009554,-0.233723,-0.000254,Close
22.421644,0.004244,-51.835288,-0.566701,-102.061228,261.208969,159.147741,33.740233,33.739148,1138.330082,4.581665,-2.096649,-9.332044,0.324688,Open
21.675361,0.000633,21.118603,-1.294366,-109.957097,268.900122,158.943024,36.005153,35.984928,1294.915017,4.221323,-2.218726,1.636453,0.224527,Open
1.109395,0.086836,11.626507,0.000122,-11.630118,23.47318,11.843062,2.856426,2.856643,8.160412,3.286419,0.012077,-0.010894,-0.000558,Close
15.694012,0.000805,-211.194356,0.37377,-117.254484,270.708413,153.45393,36.775503,36.776152,1352.485324,3.973103,0.828901,-2.203408,0.140566,Open
17.744784,0.003657,-71.952203,-0.791973,-118.140779,272.818457,154.677678,35.152435,35.145573,1235.211274,4.226989,-0.359445,0.53525,0.272618,Open
10.622039,0.001086,-90.309547,-0.615412,-116.37881,275.815721,159.436911,34.095008,34.091186,1162.208954,4.261028,1.360714,6.359186,0.238809,Open
0.862527,0.078097,144.399492,0.000256,-10.092216,20.059207,9.966991,2.818854,2.818997,7.946745,3.204395,0.000993,0.037684,-3.82E-05,Close
10.301485,0.000642,-237.017015,-0.859818,-115.483223,276.428312,160.945089,33.300119,33.290829,1108.279303,4.308265,1.616738,13.055942,0.192144,Open
11.527619,0.000599,121.503956,-1.014007,-114.888622,267.700531,152.811908,33.746084,33.732988,1137.914513,3.899191,1.499399,12.26913,0.080397,Open
1.140234,0.077941,-78.678637,0.000349,-10.092216,20.059207,9.966991,2.831458,2.831654,8.018264,3.169557,-0.005828,-0.162908,0.000161,Close
13.661653,0.000559,94.927702,-0.942349,-98.161191,251.614188,153.452997,32.019784,32.008354,1024.534721,3.935806,1.52297,11.29098,0.036814,Open
1.065626,0.077882,65.859609,0.000426,-10.092216,20.059207,9.966991,2.841972,2.842212,8.07817,3.069521,-0.002732,-0.162908,0.000172,Close
16.451011,0.000514,33.626713,-0.374163,-97.265407,254.558311,157.292904,32.600232,32.601191,1062.83764,3.849124,1.636068,13.467458,0.03349,Open
19.655345,0.000615,-162.451956,0.392492,-94.29871,257.416432,163.117722,32.554972,32.556742,1059.941451,4.16148,3.201139,12.529109,0.027904,Open
14.500942,0.005062,-9.701378,2.146831,-88.589033,211.440423,122.851391,32.511581,32.446806,1052.795251,3.586177,5.345649,18.188381,-0.046733,Open
1.585701,0.085567,-147.691691,0.001278,-8.006964,16.114413,8.107449,2.868019,2.868748,8.229713,2.758644,-0.027438,-0.191473,-0.000287,Close
23.940965,0.005022,-152.598245,4.756805,-86.330404,179.433682,93.103278,28.772548,28.387437,805.846551,3.792476,10.217627,20.432637,-0.747111,Open
26.987358,0.005298,-139.55302,3.61107,-54.027397,232.221962,178.194565,34.120954,33.955224,1152.957233,10.859396,-2.144969,-11.066334,2.433539,Open
1.244461,0.08476,42.976123,-0.002875,-7.955596,16.165538,8.209942,2.340308,2.341199,5.481211,3.117672,0.02365,0.046345,0.002499,Close
14.280237,0.001923,-158.325027,0.752138,-63.221199,240.111794,176.890595,33.962058,33.962359,1153.441797,9.367435,-4.239654,-6.794927,2.105945,Open
13.184638,0.002522,200.657216,-2.899577,-75.910059,245.208674,169.298615,28.6318,28.488943,811.619859,8.693883,-4.035105,1.330673,1.526663,Open
20.33303,0.000564,-56.036776,1.920984,-89.560551,238.734282,149.173731,30.567229,30.51013,930.868012,4.461011,5.532223,23.838233,0.09317,Open
2.466325,0.085477,128.118896,0.001569,-23.232627,46.477612,23.244985,5.015115,5.015593,25.156171,4.305297,0.017905,0.238567,-0.000668,Close
8.954695,0.000567,177.558283,0.887201,-101.008637,250.609203,149.600566,29.668232,29.657475,879.565846,4.924565,4.456874,8.006367,0.084542,Open
1.799192,0.076742,-98.075561,0.00066,-23.232627,46.477612,23.244985,5.117819,5.11821,26.196069,3.857441,0.003964,-0.226209,-0.000213,Close
9.109395,0.000655,95.796424,-0.740129,-99.885293,253.002538,153.117245,29.164865,29.157493,850.159386,5.108988,2.799023,5.11076,0.151733,Open
13.865361,0.001096,-36.101738,-1.213269,-98.788321,251.090471,152.30215,27.763854,27.738958,769.449807,5.477522,0.229432,2.90332,0.428032,Open
1.025802,0.087404,-95.445239,0.000465,-15.637605,31.189925,15.552319,4.017058,4.017276,16.13851,3.689919,0.005152,0.113307,-0.000102,Close
16.626444,0.000953,-48.115877,0.410506,-97.969172,251.601064,153.631892,29.33491,29.333528,860.455873,5.375689,0.694911,1.413248,0.541178,Open
16.389885,0.000937,47.872429,0.616323,-98.955877,256.366858,157.410981,29.50229,29.497458,870.100018,4.743749,0.973622,12.563706,0.404323,Open
0.935321,0.082478,-71.927828,-0.000768,-16.176609,32.339295,16.162686,3.951346,3.951577,15.614962,3.630275,0.005152,-0.168658,0.00056,Close
13.855562,0.000693,35.238863,0.769992,-100.882343,271.074427,170.192084,30.313371,30.305515,918.424261,4.954816,-0.208785,-18.204643,0.52445,Open
12.57318,0.00064,57.014917,1.053487,-101.154949,236.303795,135.148846,30.678255,30.662498,940.188795,4.467759,0.447309,-17.267102,0.416636,Open
1.345241,0.081574,94.962255,-0.00111,-14.855131,29.337119,14.481988,4.057496,4.057839,16.466058,3.194952,0.021911,0.253485,0.000691,Close
12.320921,0.001501,0.585261,1.529518,-101.344573,236.331198,134.986625,31.386917,31.352615,982.986468,4.769541,0.936834,-0.903814,0.499257,Open
18.345787,0.00113,-59.849564,2.901513,-101.037997,238.590148,137.552151,31.89627,31.768061,1009.209678,4.949409,2.963568,2.748718,0.479151,Open
26.312631,0.001274,27.061138,5.148379,-98.887395,236.566517,137.679122,34.593315,34.214584,1170.637769,4.043116,7.304749,8.75037,0.23804,Open
3.4467,0.082527,124.526895,-0.00333,-13.239082,26.591798,13.352717,4.971388,4.97265,24.727249,2.419969,0.012271,-0.076141,0.001953,Close
14.003214,0.0196,22.710886,9.724746,-90.579508,231.128507,140.548999,33.483276,32.052178,1027.342145,4.725152,15.013939,14.583963,0.073871,Open
4.851604,0.077273,-136.026589,-0.009989,-10.720155,21.567092,10.846937,4.281542,4.284798,18.35949,2.292537,0.029179,-1.769812,0.00618,Close
10.115267,0.012719,-14.980601,-9.088991,-42.828927,101.309007,58.48008,18.054712,15.611996,243.734409,5.547259,-10.839425,-11.92968,1.152335,Open
5.210914,0.005789,19.902592,-2.309505,-42.755163,112.269587,69.514423,13.753692,13.561847,183.923694,5.724633,-2.65301,-2.89946,0.789243,Open
1.073422,0.080989,61.343881,0.000153,-4.939748,9.707345,4.767597,1.688562,1.688884,2.852329,2.627525,0.007314,-0.037539,-0.000581,Close
5.674874,0.01261,-117.12257,-0.427855,-34.056472,126.140803,92.084331,14.015017,14.010621,196.297491,6.834792,-1.599654,-0.629159,1.236534,Open
0.815586,0.088267,-44.016189,0.00086,-5.518008,10.958404,5.440396,1.750635,1.750857,3.065501,2.807314,0.003402,-0.203182,-0.000868,Close
4.26457,0.005955,47.066495,-0.050779,-37.394867,104.429029,67.034163,13.257739,13.259086,175.803349,5.105387,-1.177913,-2.411142,0.862839,Open
3.763279,0.005008,-177.376048,0.212836,-51.531316,127.119876,75.588561,13.547556,13.547031,183.522047,5.210512,-0.826967,-3.861362,0.791432,Open
0.761489,0.08358,36.981906,0.00015,-6.155739,12.38545,6.229711,1.743118,1.743251,3.038922,3.045933,0.008507,0.098913,0.000827,Close
4.015111,0.006327,34.830831,0.328136,-51.532881,127.107578,75.574697,13.399939,13.396849,179.475573,5.513453,-0.356602,3.758916,0.850864,Open
3.428669,0.011535,-120.244591,0.138186,-51.869398,127.092759,75.223361,13.084122,13.084159,171.19522,5.343194,-0.493997,-1.667758,0.797348,Open
0.606657,0.07781,-99.220715,0.000293,-7.936558,15.953667,8.017108,1.715055,1.715148,2.941733,3.4603,-0.00056,0.439117,-0.000205,Close
2.400369,0.012309,178.656892,0.213309,-52.543377,127.07439,74.531013,13.007497,13.006409,169.166666,4.980988,-0.422771,2.733983,0.688636,Open
2.889884,0.00072,31.852326,0.065001,-56.289632,144.708035,88.418403,13.246583,13.247145,175.48685,5.529414,-0.580061,-2.024119,0.701478,Open
2.762676,0.004483,179.386175,0.070348,-56.19466,144.708644,88.513983,13.116426,13.117071,172.057547,5.702586,-0.622401,-3.376005,0.713735,Open
0.585358,0.090028,-13.651814,-4.94E-05,-9.224371,18.467613,9.243242,1.835245,1.835373,3.368593,4.061721,-0.003861,-0.452255,-0.000507,Close
3.008257,0.006208,-129.630542,0.09803,-56.267072,144.708623,88.441551,13.29288,13.293531,176.717976,5.548106,-0.55507,-3.448425,0.627155,Open
0.620235,0.090059,-12.210538,-6.04E-05,-9.224371,18.467613,9.243242,1.894291,1.894452,3.588947,4.068386,-0.011306,-0.452255,-0.000402,Close
3.211596,0.006281,-159.560864,0.01056,-56.161906,144.704139,88.542233,13.569081,13.57037,184.15495,5.641592,-0.749677,2.443271,0.648941,Open
3.755979,0.012192,-136.134898,0.062137,-56.218145,144.705086,88.486941,14.180295,14.181961,201.128009,5.659248,-0.630157,2.387415,0.630469,Open
6.562746,0.005914,-49.516515,0.120212,-56.295537,144.704085,88.408548,14.715016,14.71733,216.599795,6.128235,-0.673773,2.309618,0.673407,Open
1.555207,0.087156,-25.913983,-0.000181,-9.224371,18.467613,9.243242,2.027055,2.027571,4.111043,4.319072,0.001771,-0.082903,4.02E-05,Close
13.953937,0.006302,119.376356,0.269258,-56.406203,144.701872,88.295669,17.576693,17.581332,309.103218,5.50555,-1.090625,0.751037,0.766495,Open
1.26311,0.084096,205.869507,-0.000543,-4.978986,10.207175,5.228189,1.750838,1.752174,3.070114,2.928011,0.003875,-0.028506,0.001182,Close
18.094336,0.006627,-53.624287,-9.949408,-51.822262,124.075056,72.252794,23.288867,21.072672,444.05751,5.093943,-13.042102,-7.775617,1.200308,Open
1.195065,0.084114,29.371104,-0.001421,-5.428331,10.936252,5.507921,1.900482,1.901206,3.614585,2.890008,-0.017409,-0.452336,0.002048,Close
6.53416,0.005709,82.86579,-2.503522,-61.722907,132.255009,70.532101,17.38174,17.204873,296.007668,5.691573,-3.894676,-4.191979,1.004977,Open
6.347479,0.004665,205.931042,-2.424314,-78.954698,144.923422,65.968724,15.176465,14.983866,224.516254,4.729138,-2.93146,-5.768369,0.219726,Open
1.054597,0.093657,-195.300987,-0.00045,-7.530055,14.958517,7.428462,2.264137,2.264425,5.127619,3.17819,0.010331,-0.72393,-0.000349,Close
3.995814,0.0052,-230.44929,0.220379,-81.346879,155.209494,73.862614,15.246131,15.246198,232.446561,4.642283,0.129902,0.138105,0.175116,Open
4.598964,0.006174,-6.996174,0.867367,-60.528054,132.251981,71.723927,14.485108,14.460341,209.101453,4.26918,0.575022,-1.675922,0.352735,Open
0.823447,0.084038,52.239416,0.000121,-9.755939,19.331794,9.575855,2.378577,2.378758,5.65849,3.577886,0.004104,0.199935,-0.000171,Close
4.371309,0.006216,-19.681302,0.597056,-60.017303,131.558535,71.541233,14.340256,14.328815,205.314926,4.387472,-0.119507,1.157416,0.517176,Open
3.654201,0.008506,-58.983129,0.320465,-60.699074,132.733108,72.034034,14.285258,14.2825,203.989804,4.211379,-0.071579,-0.30551,0.364115,Open
0.845901,0.078448,-74.781301,0.000952,-10.524327,20.721137,10.19681,2.38085,2.38098,5.669065,3.867168,0.004508,0.561481,5.20E-05,Close
3.170046,0.006257,67.079739,0.169289,-62.565571,134.333138,71.767567,14.100509,14.10021,198.815913,4.245039,-0.117785,3.929333,0.357253,Open
3.885436,0.006281,106.208671,0.213919,-64.210247,135.418485,71.208239,14.877703,14.876975,221.324384,4.230452,-0.196118,4.176089,0.372569,Open
0.84214,0.080056,-0.792468,-0.000749,-10.524327,20.721137,10.19681,2.281347,2.281481,5.205155,3.7316,-0.002196,-0.060153,0.001151,Close
4.711787,0.006306,149.923827,0.23821,-51.453126,120.536344,69.083217,14.926154,14.925201,222.761618,4.104198,-0.245982,-5.046634,0.432931,Open
5.595497,0.006338,-156.087177,0.246081,-51.620953,120.66891,69.047957,14.646215,14.645264,214.483749,3.921513,0.130695,3.283401,0.315196,Open
6.214409,0.006371,-79.442227,0.221793,-52.184385,120.884031,68.699646,14.861167,14.860927,220.84716,3.999191,0.011865,1.609009,0.328278,Open
0.90697,0.082666,-173.214268,-0.001391,-10.524327,20.721137,10.19681,2.321344,2.321597,5.389812,3.527658,-0.008011,-0.060153,0.002359,Close
5.664229,0.006359,58.319333,0.26831,-52.408397,120.946483,68.538086,15.402852,15.402472,237.236139,4.090342,-0.170544,-4.634536,0.399546,Open
5.244361,0.006357,-180.654025,0.327792,-47.644411,113.70908,66.064669,15.054557,15.053857,226.618617,3.787727,0.272763,-5.003506,0.291574,Open
1.515324,0.084535,-89.304408,-0.003246,-6.417141,12.982731,6.56559,2.247478,2.248047,5.053716,2.911578,-0.006751,0.658447,0.003682,Close
7.561463,0.00323,97.386291,0.49363,-48.328976,113.680461,65.351485,17.476492,17.476181,305.416904,3.453154,0.061719,-5.698803,0.328346,Open
4.213065,0.029436,-63.314855,-8.370046,-53.293672,78.202816,24.909145,15.736849,13.336486,177.861867,3.104916,-7.801653,-14.583277,-0.371662,Open
4.893658,0.011814,174.421695,-1.208954,-49.823574,103.949868,54.126294,15.021242,14.976319,224.290119,3.784819,-1.564394,-3.565883,0.341624,Open
1.466501,0.078288,-116.822138,-0.000473,-7.594066,15.009938,7.415872,2.27032,2.270753,5.156317,3.387397,-0.005445,-1.064743,-0.000236,Close
5.464367,0.006626,21.032947,-0.389621,-64.593613,130.850375,66.256761,16.17255,16.170321,261.479284,3.685072,-1.350428,-5.056693,0.312919,Open
6.804048,0.004615,156.817773,1.003536,-116.886443,224.067529,107.181086,19.067566,19.043213,362.643965,6.417402,0.257214,-1.491665,0.258254,Open
1.257123,0.084702,68.913314,-0.000866,-15.84904,32.20165,16.35261,2.624613,2.624863,6.889903,7.073526,-0.003159,0.090777,0.001427,Close
6.614431,0.002451,134.036529,-0.547558,-119.194752,225.47289,106.278138,17.939377,17.932537,321.575891,6.591787,-1.062403,-0.821485,0.248518,Open
4.049598,0.004571,-155.846517,-0.514777,-61.904505,169.946854,108.042349,16.717796,16.711027,279.258408,5.544882,-0.82014,-3.27284,0.49812,Open
0.787057,0.077462,91.844607,0.00018,-12.288723,24.533289,12.244567,2.642354,2.642522,6.982922,4.06094,-0.001136,0.100588,-0.000124,Close
4.285295,0.002024,40.782261,-0.211584,-69.158353,143.749986,74.591632,15.995287,15.994825,255.83443,3.915959,-0.216233,1.997889,0.013233,Open
5.337377,0.001987,-35.739961,0.038765,-69.422476,143.956524,74.534049,16.314574,16.315357,266.190877,3.736703,0.061703,-1.043127,0.016704,Open
1.236082,0.079082,-14.687175,0.000953,-16.435458,32.857157,16.421698,2.769417,2.769558,7.670452,4.824676,-0.000178,0.157406,0.00062,Close
5.354604,0.001991,170.775653,-0.183286,-73.154728,147.91079,74.756062,16.567705,16.567593,274.485134,3.743662,-0.140882,1.54022,0.005087,Open
1.373153,0.07908,-100.244545,0.001099,-16.435458,32.857157,16.421698,2.775927,2.77609,7.706674,4.882804,-0.000774,0.157406,0.000595,Close
5.498779,0.001975,43.386483,-0.216892,-73.177108,147.980687,74.803579,16.431794,16.431407,269.99112,3.842081,-0.158557,1.553139,-0.000352,Open
5.148086,0.001925,-62.801927,-0.228454,-73.321583,140.032877,66.711294,16.243199,16.242831,263.829544,3.637455,-0.024418,2.996335,-0.12892,Open
1.58341,0.079047,116.478759,0.001588,-16.435458,32.857157,16.421698,2.777085,2.77732,7.713505,5.659998,-0.007553,-0.499737,0.000899,Close
4.885454,0.002916,121.779341,-0.336023,-73.254369,139.959997,66.705628,16.669846,16.668047,277.823788,3.663723,-0.173399,0.224629,-0.115867,Open
5.489304,0.006415,52.885952,-0.359883,-73.368575,140.030475,66.6619,16.283193,16.281284,265.080198,3.421728,-0.516937,2.948034,0.102845,Open
1.421055,0.079163,-171.226007,0.002858,-16.435458,32.857157,16.421698,2.765784,2.766204,7.651886,6.831807,0.012805,0.157406,5.97E-06,Close
8.063058,0.006268,-109.526396,-0.682358,-73.729257,139.569194,65.839936,17.21285,17.202598,295.929368,3.273628,-0.82672,-0.45543,0.144693,Open
7.66223,0.003644,24.84327,-0.972498,-73.329812,133.58309,60.253278,17.066854,17.045622,290.553213,3.421001,-1.734125,3.480465,0.263479,Open
14.622915,0.006718,-61.646025,0.050386,-55.525325,131.642378,76.117053,19.052378,19.066503,363.531548,4.523198,-0.731624,-2.210162,0.574364,Open
8.568251,0.374945,76.756627,0.279649,-55.465492,150.224519,94.759027,20.099028,20.102109,404.09477,5.111478,-1.987032,-5.140278,0.93531,Open
1.736303,0.081158,92.163729,-0.000771,-11.128593,22.525637,11.397044,3.755544,3.756251,14.109424,2.762481,-0.020043,0.021598,-0.000701,Close
8.539526,0.374961,46.168362,-0.024022,-64.258639,156.429147,92.170507,20.524795,20.527865,421.393241,4.815156,-2.636267,-4.033418,0.94461,Open
8.556614,0.374954,36.337657,-0.369344,-65.611637,156.969866,91.358229,20.055695,20.054448,402.180873,4.656454,-2.280633,-0.469142,0.853823,Open
1.138019,0.080822,29.665373,0.001355,-13.777066,27.687717,13.910651,3.445399,3.445723,11.873006,3.208233,-0.018278,-0.348523,-0.001158,Close
8.626971,0.374935,25.073911,0.10795,-57.950387,148.858292,90.907904,19.961587,19.962962,398.51987,4.132111,-1.603398,-6.594277,0.691958,Open
1.706557,0.077477,18.778678,0.00048,-13.777066,27.687717,13.910651,3.538033,3.538299,12.519562,2.955473,0.003013,0.205231,-0.000544,Close
8.608622,0.374917,10.18511,-0.09892,-65.450612,166.201356,100.750744,20.327917,20.329066,413.27093,4.206336,-1.74471,-6.449131,0.653289,Open
8.556383,0.374889,1.23694,0.09684,-65.300227,166.19044,100.890213,20.091061,20.091991,403.688087,4.057331,-1.227418,-6.302621,0.565604,Open
1.278499,0.077283,77.274773,0.000128,-15.937227,32.17259,16.235362,3.814537,3.814742,14.552258,3.373655,0.003778,-0.011795,-0.000626,Close
8.606369,0.374873,-27.475143,0.0969,-68.484574,169.43741,100.952837,20.140909,20.141687,405.687542,3.899612,-1.081474,1.831951,0.502703,Open
8.614973,0.374869,-82.829203,0.037049,-68.46782,169.328038,100.860218,19.813884,19.814906,392.630493,3.937214,-0.896419,0.110036,0.482488,Open
1.498883,0.077137,-33.180077,7.64E-05,-15.937227,32.17259,16.235362,3.864629,3.864851,14.937074,3.54218,-0.007474,-0.011795,-0.000704,Close
8.620554,0.374868,-143.90431,0.036203,-68.391895,168.706843,100.314948,20.099947,20.101163,404.056768,3.929117,-0.81926,-0.065623,0.467549,Open
8.64128,0.374867,152.955111,0.047124,-68.411597,155.039055,86.627458,20.036117,20.037553,401.503514,3.69558,-0.621799,0.580782,0.392376,Open
1.437246,0.076162,39.59663,0.00011,-15.290165,30.414154,15.123989,3.897623,3.897946,15.19398,3.633947,0.004022,0.068983,-0.000614,Close
8.657393,0.374863,92.96525,0.003597,-68.506734,141.789734,73.283,19.49118,19.492987,379.976544,3.554626,-0.46208,0.261287,0.346448,Open
7.879882,0.004715,204.45362,-0.174242,-69.237075,140.926317,71.689242,19.590804,19.59244,383.863708,3.462404,-0.678797,0.521452,0.311928,Open
8.673827,0.374861,-37.169524,-0.149017,-68.850272,140.79688,71.946607,19.378883,19.381853,375.656215,3.484871,-0.183184,0.844183,0.279831,Open
3.028505,0.077349,-131.986082,0.000322,-15.290165,30.158362,14.868198,4.111484,4.112481,16.912497,3.437889,-0.000546,-0.060192,-0.00069,Close
8.672285,0.374862,-104.539144,-0.374371,-60.343928,131.983895,71.639968,18.410251,18.412984,339.037981,3.650539,0.234529,1.028584,0.196338,Open
14.047986,0.003904,-88.962894,-5.406803,-60.732735,141.944972,81.212237,20.644864,19.93912,397.568491,4.006244,-7.313008,-16.020069,0.661655,Open
8.57076,0.374843,9.452359,-0.356468,-71.420629,169.366659,97.94603,21.688828,21.691322,470.513437,4.388701,-1.470736,2.253868,0.548406,Open
3.035901,0.080401,13.600072,0.007804,-16.565906,33.998173,17.432267,4.656699,4.657569,21.692951,3.237429,0.011349,-0.076792,0.00391,Close
8.56114,0.374821,-54.946034,-0.113941,-73.232816,171.784634,98.551818,22.847898,22.851048,522.170382,4.603767,-1.308532,1.4935,0.635012,Open
8.569545,0.374788,232.245751,-0.565694,-80.543178,178.658928,98.11575,22.445228,22.440508,503.576388,4.201118,-1.728688,-2.826544,0.450409,Open
2.01662,0.082015,-128.181673,-0.000192,-15.789842,31.2125,15.422658,4.536489,4.536916,20.58361,3.178433,-0.010649,-0.963905,0.000375,Close
8.581287,0.374789,129.72795,0.311409,-79.933839,179.252199,99.31836,21.638669,21.638236,468.213246,4.424068,-0.787603,-1.959132,0.464627,Open
8.581923,0.374787,30.626247,0.003954,-81.88159,178.247721,96.366131,20.795284,20.796706,432.502969,4.381877,-0.858354,-4.343832,0.348124,Open
1.5254,0.078042,-48.090001,-0.000176,-15.516257,30.586751,15.070493,4.17268,4.172941,17.41344,2.989622,-0.003549,-0.375816,3.30E-05,Close
8.552004,0.374776,-59.029536,-0.022719,-81.832429,170.377682,88.545254,20.055538,20.056686,402.270667,4.234186,-0.689185,-4.310583,0.325644,Open
8.562224,0.374774,-164.699376,0.063239,-81.676438,170.356452,88.680014,19.924628,19.925527,397.026617,4.329248,-0.700642,-4.164252,0.372163,Open
1.53178,0.076597,-33.871136,0.00013,-17.417592,35.020463,17.602871,4.133538,4.133744,17.087838,3.242135,0.020558,0.267742,-3.24E-06,Close
8.545553,0.374777,81.070379,-0.144256,-81.710119,170.344961,88.634842,20.001182,20.001728,400.06914,4.262139,-0.534617,2.610636,0.309494,Open
8.545777,0.374781,-28.742018,-0.180208,-82.14906,170.300165,88.151105,20.173679,20.174128,406.995429,4.259036,-0.592363,2.149522,0.304685,Open
1.518852,0.076513,-137.424798,0.000176,-17.417592,35.020463,17.602871,4.190744,4.191028,17.564714,3.347569,0.019143,-1.133077,-1.49E-05,Close
8.546855,0.374785,-138.802273,-0.224631,-82.364016,170.285885,87.921869,20.593351,20.593658,424.09875,4.296589,-0.674229,1.927497,0.333426,Open
8.546855,0.374789,114.589574,-0.284303,-69.111551,153.156825,84.045274,19.292164,19.291858,372.175804,3.836156,-0.388982,2.106373,0.266599,Open
1.626564,0.073671,-30.83537,0.000275,-17.417592,35.020463,17.602871,4.220029,4.220476,17.81242,3.653616,0.028209,0.267742,8.81E-05,Close
8.540967,0.374791,12.581533,-0.494859,-69.162797,152.735726,83.572929,19.761846,19.75808,390.381724,3.893535,-0.312594,1.859316,0.238048,Open
8.563325,0.374796,-90.103138,-0.665668,-68.697646,152.186467,83.488821,18.693861,18.68542,349.144931,3.870021,-0.322325,2.069062,0.147854,Open
2.970329,0.07784,6.032516,0.00063,-14.516058,29.241662,14.725604,4.355543,4.356599,18.979953,3.408955,0.001798,-0.041435,0.000156,Close
8.55754,0.374797,-187.389847,-1.547749,-70.290524,138.169148,67.878624,18.542916,18.484774,341.686885,3.753843,-0.113375,2.248278,-0.120662,Open
2.445511,0.080128,-50.95793,0.001766,-14.095026,28.285976,14.19095,3.954608,3.957297,15.660201,3.700162,0.016724,-0.093467,-0.001584,Close
11.187632,0.010546,157.309779,-1.506979,-48.06471,135.396896,87.332186,20.540631,20.500535,420.271945,5.379327,-3.111369,-9.476595,1.002561,Open
2.773847,0.083885,136.561429,0.007079,-11.593506,23.467423,11.873917,3.605755,3.607106,13.011217,3.163018,0.023867,0.022869,-0.004008,Close
8.963626,0.006002,251.357598,-0.000735,-59.740916,161.449686,101.70877,21.402411,21.407764,458.292362,5.321259,-2.005166,-8.884264,0.948602,Open
8.223668,0.374886,-52.119191,-0.482225,-73.187667,159.116691,85.929025,21.198192,21.195891,449.265781,3.852071,-1.185605,-0.789572,0.386837,Open
2.071732,0.079458,-4.11368,-3.93E-06,-15.6131,31.71033,16.09723,3.997629,3.99813,15.985047,3.544821,-0.02795,-0.23359,0.000549,Close
8.197946,0.374868,-102.410191,-0.139759,-72.763467,160.848828,88.08536,19.649131,19.650744,386.151752,4.325781,-0.738429,5.248214,0.481162,Open
8.210113,0.374875,-166.268403,-0.011383,-72.429061,160.635318,88.206257,19.25828,19.259885,370.943182,4.121885,-0.57673,-4.159051,0.390327,Open
1.766698,0.07818,-109.418032,0.001518,-23.514974,46.443097,22.928123,4.366859,4.367188,19.072331,4.611144,-0.003885,-0.06121,-0.000378,Close
8.231874,0.374851,-203.628564,-0.219067,-72.962932,160.822067,87.859134,19.609771,19.609889,384.547728,3.793576,-0.949371,-1.397113,0.331138,Open
8.210884,0.374841,95.673443,0.272146,-72.859953,153.36702,80.507067,19.782452,19.781725,391.31664,3.52925,-0.432358,-1.544288,0.233582,Open
8.193273,0.37483,34.41731,0.097252,-121.974421,203.257354,81.282933,20.364402,20.365191,414.741013,3.820515,-0.757698,-1.036296,0.211619,Open
1.547255,0.074192,-86.493362,-7.11E-05,-15.234605,30.586361,15.351756,4.273889,4.274102,18.267952,3.187738,0.004398,-0.706083,0.000163,Close
8.198237,0.374829,-44.880327,-0.162247,-121.88286,203.263922,81.381061,20.224198,20.224626,409.035487,3.917861,-1.224439,-0.940827,0.203427,Open
8.210394,0.37483,-129.800075,-0.187486,-121.844232,203.264539,81.420307,20.522921,20.52334,421.207483,3.951007,-1.346457,-0.901831,0.214046,Open
1.612869,0.074184,-66.990343,-9.67E-05,-15.234605,30.007285,14.77268,4.171101,4.171384,17.400445,3.199523,-0.008868,-0.681072,0.000373,Close
8.197143,0.374835,-218.773331,-0.215352,-121.806024,203.27625,81.470226,20.484302,20.484694,419.622697,4.089076,-1.344937,-0.856655,0.194105,Open
8.182215,0.374845,55.91291,-0.364178,-121.759848,203.26202,81.502172,20.210556,20.209149,408.409693,4.321864,-1.167373,-0.818946,0.202262,Open
1.932905,0.074869,14.614665,-0.000151,-15.234605,30.007285,14.77268,4.218438,4.218885,17.798987,3.244803,-0.013213,-0.080926,0.000577,Close
8.170981,0.374856,-26.740159,-0.542948,-121.949812,203.362704,81.412891,20.968597,20.964146,439.495411,4.332938,-1.348674,-0.949004,0.184657,Open
2.093352,0.076757,-54.491172,-0.00021,-13.104163,25.903979,12.799817,3.895284,3.895859,15.177715,2.975653,-0.013527,-0.281693,0.001259,Close
8.192574,0.374872,-102.870843,-0.345751,-120.061356,203.640167,83.578811,21.053714,21.054723,443.301353,5.098522,-1.047537,-0.931858,0.280253,Open
8.206889,0.374889,-166.79322,-0.399445,-62.224814,146.510527,84.285712,18.297036,18.299174,334.859786,4.671195,-0.665371,0.042159,0.594519,Open
2.059659,0.08186,-11.914076,-0.000969,-8.35571,16.405483,8.049773,2.80332,2.805226,7.869296,2.89813,-0.008552,-0.070941,0.001476,Close
19.208426,0.00263,118.138928,8.485381,-63.655669,175.755084,112.099415,31.546519,30.407082,924.590626,2.975937,3.113603,-8.292818,0.517542,Open
1.594376,0.081873,99.768028,0.000448,-7.832972,15.855049,8.022077,2.482743,2.48369,6.168715,2.973098,0.030918,0.015278,0.000128,Close
20.583249,0.000888,-67.647027,1.185625,-62.401228,169.673688,107.27246,26.065117,26.044756,678.329303,4.34904,0.626814,-2.167069,0.649907,Open
19.109244,0.00079,-86.916329,0.991985,-74.209969,182.658195,108.448226,24.766608,24.750507,612.587616,4.020837,-0.401388,-0.2334,0.495967,Open
1.548486,0.079207,9.759391,0.000575,-8.592638,17.490445,8.897806,2.574651,2.574978,6.630513,2.889983,0.011113,0.414941,-0.000754,Close
23.541456,0.000784,-91.620878,0.045334,-95.072885,199.659784,104.5869,26.137034,26.139841,683.291277,3.462646,-0.774002,-12.214074,0.387026,Open
14.499777,0.000835,-109.356411,0.942579,-106.823496,238.590165,131.766669,28.537399,28.524244,813.632499,4.185375,-0.147944,1.735029,0.280842,Open
22.011382,0.000786,-10.423892,0.497925,-118.283754,255.614297,137.330543,28.978235,28.975965,839.606529,4.961392,0.678191,5.68918,0.201714,Open
1.089024,0.079326,88.332112,0.000128,-12.627843,25.43578,12.807937,2.597508,2.597673,6.747907,3.83403,-0.001415,-0.29149,-0.000247,Close
24.29798,0.000754,23.660839,-0.410413,-118.506529,255.658866,137.152337,28.828561,28.82733,831.01494,4.992947,-0.35085,0.374844,0.303852,Open
0.726983,0.0879,125.423992,0.000179,-12.627843,25.43578,12.807937,2.512464,2.512601,6.313162,3.815344,0.003795,-0.29149,-7.77E-05,Close
19.175824,0.000738,31.135283,-0.013363,-118.868313,255.780662,136.912349,28.867566,28.86903,833.420881,4.835457,-0.089537,0.069695,0.294301,Open
15.654975,0.0007,66.695391,-0.141179,-162.471989,296.728071,134.256082,29.172078,29.173324,851.082853,5.299663,-0.54875,-3.722471,0.208526,Open
13.19003,0.000678,73.209875,-0.187149,-163.287504,302.6249,139.337395,27.619597,27.620718,762.904052,5.728224,-0.622088,1.643066,0.387392,Open
0.737903,0.08716,-213.836795,-0.000942,-8.334667,16.616238,8.281571,2.36905,2.369214,5.613174,3.084453,0.003795,0.056533,-0.001113,Close
12.536027,0.000664,60.564459,-0.329686,-163.273019,293.942105,130.669086,27.170639,27.17071,738.247489,5.807696,-1.323378,-3.074572,0.296016,Open
0.758527,0.078009,39.708139,-0.001151,-8.334667,16.616238,8.281571,2.353904,2.354103,5.541803,3.14053,0.002819,0.056533,-0.001211,Close
15.121184,0.000687,-0.900126,-0.480656,-163.469842,279.88548,116.415638,27.139212,27.137541,736.446138,5.869574,-1.26462,-5.334546,0.164753,Open
19.164103,0.000688,-41.780059,-0.559219,-163.728467,279.907163,116.178696,27.097463,27.095134,734.146302,6.120466,-1.071382,5.615366,-0.08846,Open
19.052409,0.000752,-121.238058,-0.634705,-163.745606,263.892965,100.147359,29.198401,29.197066,852.468658,5.818682,-1.06688,-4.090363,-0.287236,Open
1.313497,0.082175,48.495911,-0.003454,-8.266263,16.547834,8.281571,2.445174,2.445793,5.981906,2.913752,-0.004032,1.745177,-0.004356,Close
12.783542,0.010218,45.926497,-1.696643,-160.906764,264.639039,103.732275,31.068759,31.034227,963.123253,6.540443,0.389471,-0.800146,-0.659729,Open
18.034336,0.004241,-160.736322,2.297006,-53.348824,172.583167,119.234344,26.669061,26.590231,707.040388,6.522752,-0.90055,-4.162621,1.397854,Open
1.866624,0.076661,-51.838248,-0.003019,-9.093492,18.062759,8.969267,3.0048,3.005944,9.035701,3.16642,0.036214,-0.513681,0.002982,Close
9.073032,0.009322,-33.467443,-0.370426,-64.860643,167.796054,102.935411,24.038431,24.041685,578.002628,3.735844,-0.767688,-13.682847,0.319958,Open
17.485521,0.000643,175.627217,0.547649,-77.947033,283.615571,205.668538,34.30048,34.301337,1176.581711,7.826655,-5.03238,-14.13353,1.59126,Open
1.157165,0.085172,-93.709602,0.002273,-13.702321,27.922532,14.220211,2.39553,2.395833,5.740015,5.445258,0.002524,-0.159893,0.000412,Close
17.779768,0.001416,-39.348382,1.045016,-81.450729,290.377672,208.926944,33.347544,33.334796,1111.208602,7.976391,-2.456819,-10.308199,1.504855,Open
16.83212,0.000904,-73.657922,0.179791,-81.985795,290.235915,208.25012,31.921726,31.923923,1019.136856,7.791065,-3.412151,-2.170918,1.433889,Open
0.802973,0.079617,59.133042,0.000633,-7.618231,15.206919,7.588688,2.205343,2.205511,4.864278,2.898523,0.000802,-0.699083,-0.000537,Close
16.694155,0.000797,71.058065,-0.846369,-79.815616,218.518326,138.702711,27.895936,27.885026,777.574659,5.296387,-3.552917,-8.797159,0.951612,Open
19.026929,0.000872,-14.874364,0.713548,-201.831519,339.993714,138.162195,38.352167,38.347777,1470.552004,5.85341,-2.472477,-6.335134,0.05468,Open
25.196941,0.001577,135.662479,-2.03566,-202.403395,345.442574,143.03918,38.994133,38.942941,1516.552625,5.897269,-4.057725,-3.773914,-0.128157,Open
0.740972,0.079221,64.976973,-0.000424,-8.087986,15.766868,7.678882,2.300125,2.300242,5.291112,2.956765,-0.006674,0.031951,-0.000777,Close
26.838196,0.001574,152.510088,1.4445,-202.181355,345.207542,143.026187,41.741977,41.719247,1740.495585,5.046005,-1.562765,-3.687018,-0.196001,Open
0.70813,0.080729,-6.609655,-0.000489,-8.087986,15.766868,7.678882,2.299337,2.299471,5.287569,2.976954,-0.007644,0.031951,-0.000811,Close
26.355123,0.001571,170.741312,1.720094,-201.513573,344.339293,142.82572,43.619029,43.587869,1899.90235,4.750722,-0.678222,-3.51848,-0.264701,Open
20.009901,0.001565,190.048111,2.218108,-199.036857,341.70165,142.664793,46.078559,46.028649,2118.636533,4.433807,-0.829137,-16.226474,-0.260547,Open
17.257745,0.000783,187.311302,2.326227,-207.770193,350.47045,142.700257,48.279322,48.227843,2325.924824,4.147954,-1.503866,-6.249684,-0.332394,Open
1.032286,0.076314,58.372876,-0.000908,-8.087986,15.766868,7.678882,2.335543,2.335797,5.455949,3.007848,-0.001544,0.031951,-0.001316,Close
22.58783,0.000849,149.984279,5.469916,-181.937092,329.994239,148.057147,39.029655,38.649366,1493.773523,4.896295,4.396011,11.109538,-0.387523,Open
0.986912,0.076365,74.947342,-0.001271,-8.087986,15.766868,7.678882,2.263137,2.263482,5.123349,3.150312,-0.008628,0.031951,-0.000847,Close
41.145167,0.000888,170.067346,8.419244,-180.195451,330.598416,150.402965,45.240221,44.458376,1976.54722,4.052764,7.425954,-9.937267,-0.495884,Open
30.924338,0.00105,166.705455,16.557161,-183.024768,297.038707,114.013939,57.415751,54.997585,3024.734327,3.729484,36.876293,50.150617,-1.164756,Open
16.196021,0.003056,31.631285,20.412265,-48.794158,174.93577,126.141611,38.228274,32.347108,1046.335424,3.15968,16.64301,13.30804,0.591454,Open
1.443051,0.076668,-40.288341,-4.23E-05,-6.057203,12.129534,6.07233,2.515602,2.516562,6.333082,2.391401,-0.008212,-0.053084,0.001328,Close
10.680122,0.001223,-135.322479,0.630756,-70.768078,197.996638,127.22856,30.03714,30.038149,902.290419,4.557544,-2.395658,-0.479272,0.883633,Open
23.807888,0.000733,15.259477,0.780377,-88.097716,213.533123,125.435407,31.167949,31.162929,971.128162,3.583248,1.439614,-1.616802,0.195135,Open
17.19674,0.000688,-19.462503,-0.720528,-90.868,233.020374,142.152375,30.924339,30.919311,956.003772,3.600156,-0.043987,8.165659,0.171546,Open
1.03654,0.089639,52.534436,0.000382,-9.362253,18.413323,9.051069,2.528298,2.528539,6.393511,3.423094,-0.009268,-0.431792,-0.001089,Close
13.157082,0.000771,-85.158412,-0.360673,-90.789883,232.683729,141.893846,27.791752,27.791766,772.382234,4.598415,-1.525816,-8.187159,0.54517,Open
0.942771,0.090911,88.436205,0.000767,-9.467804,18.85466,9.386855,2.556265,2.55646,6.535487,3.364703,0.014904,0.242346,-0.001114,Close
9.958438,0.000671,0.760759,-0.533846,-89.146563,232.258752,143.112189,26.802274,26.798813,718.176405,5.244798,-2.54372,-6.694706,0.802709,Open
11.768,0.000678,-15.636322,-0.522016,-130.412009,274.58149,144.16948,28.526506,28.523402,813.584456,5.496956,-3.18295,-5.477432,0.761737,Open
0.763995,0.089216,-72.720589,-0.00012,-9.844888,19.997644,10.152756,2.489656,2.489792,6.199064,3.348499,0.001094,0.253922,-8.29E-05,Close
16.426945,0.000747,177.913503,-0.106152,-130.413043,282.802343,152.3893,28.896846,28.898119,835.101293,5.221024,-2.536079,-7.394024,0.726033,Open
19.385663,0.000792,88.630689,-0.109227,-130.094909,281.713737,151.618829,28.671183,28.672536,822.114318,5.311272,-2.24767,-4.732296,0.713613,Open
22.479456,0.000812,67.46622,-0.1033,-130.041317,281.958217,151.916899,29.712992,29.7147,882.963414,5.00096,-2.534514,-4.569911,0.669879,Open
0.737963,0.079318,33.951231,1.94E-05,-9.844888,19.997644,10.152756,2.40362,2.403787,5.778191,3.301396,-0.011834,-0.146031,-0.000237,Close
24.636578,0.000831,62.05333,-0.000781,-127.563661,279.948511,152.38485,30.535315,30.537642,932.547599,5.026757,-2.166793,-5.786059,0.687744,Open
24.6511,0.000832,88.588215,-0.066053,-92.955321,245.680513,152.725192,28.574634,28.57728,816.660941,4.737215,-2.095148,-5.738739,0.695872,Open
0.881306,0.077822,-36.100663,3.05E-05,-8.491847,17.434253,8.942405,2.327008,2.327261,5.416144,2.882514,-0.001605,-0.036235,-0.000323,Close
20.601923,0.000856,98.176,0.555313,-90.191924,247.18378,156.991856,28.51084,28.509053,812.766122,4.557487,-1.516375,-4.91352,0.701974,Open
15.631093,0.004787,119.010039,0.79858,-87.261317,201.173231,113.911914,27.998731,27.992674,783.589819,4.276173,-0.836386,-3.774426,0.679014,Open
1.343293,0.080674,-199.781889,7.11E-05,-8.491847,17.434253,8.942405,2.434257,2.434876,5.928621,3.143746,-0.010098,-0.210577,-0.000537,Close
10.127375,0.002894,11.288376,0.547198,-62.838593,159.65054,96.811946,25.055088,25.058663,627.936614,4.031712,-0.482704,-2.969641,0.606743,Open
2.583653,0.086073,-107.667714,0.000213,-8.487755,17.425999,8.938244,2.567687,2.569646,6.603082,3.43076,-0.011199,-0.036145,0.000521,Close
30.150837,0.00868,42.380857,-2.198303,-139.037168,338.470629,199.433461,49.543456,49.53243,2453.461578,3.646809,-4.63436,-1.956563,0.371016,Open
25.430931,0.000951,66.343747,7.812775,-123.118842,405.427921,282.309079,57.723196,57.206563,3272.590816,4.217714,0.667689,-11.626164,0.883443,Open
3.170514,0.087878,27.77045,0.002569,-23.105972,45.986219,22.880247,6.816307,6.817606,46.479746,2.917416,0.001206,0.117069,-0.001777,Close
45.268325,0.000674,-88.721001,1.361908,-195.670159,464.128735,268.458576,62.903404,62.898248,3956.189585,3.501614,-0.772239,-7.698021,0.279435,Open
21.246931,0.001473,-8.676357,1.857238,-195.45392,436.853626,241.399706,61.363692,61.34226,3762.872815,3.341401,1.556461,7.683016,0.116919,Open
2.33493,0.094272,65.486453,-0.001426,-25.387965,51.123454,25.735489,6.171193,6.171781,38.090879,3.099576,-0.004337,-2.126793,0.000389,Close
25.192604,0.000604,29.799639,1.010406,-177.8782,413.453568,235.575368,54.97013,54.965498,3021.206005,3.289638,-1.402307,-2.160433,0.279057,Open
2.028286,0.088398,11.029749,-0.000947,-25.387965,51.123454,25.735489,6.091979,6.092443,37.117865,3.249627,-0.058285,2.474318,0.000472,Close
14.059623,0.000311,6.738488,-3.082699,-189.964283,408.367526,218.403243,56.293642,56.213068,3159.908997,3.160035,-4.446702,-0.073384,0.189308,Open
24.711193,0.000288,159.435328,2.989494,-191.993078,407.089434,215.096356,56.141009,56.064644,3143.244359,3.427252,-0.887688,-18.980068,0.344553,Open
1.98423,0.083773,41.526046,-0.000155,-20.243465,40.875088,20.631623,6.216692,6.21703,38.651463,3.02468,-0.027006,-0.419047,0.000602,Close
24.07715,0.000409,160.157653,-0.818477,-200.436489,451.15448,250.717991,58.626688,58.623953,3436.767867,3.442604,-3.881634,-4.18429,0.344118,Open
30.910205,0.000465,-101.556257,0.19859,-201.472495,451.206611,249.734116,59.578042,59.580955,3549.890202,3.367014,-2.823901,-14.221752,0.331788,Open
38.269734,0.000455,141.015579,0.367673,-204.213076,450.438006,246.224931,59.854415,59.857088,3582.870943,3.394711,-2.671078,-17.281303,0.365695,Open
2.752236,0.089438,-24.839532,-0.000873,-22.284355,45.130449,22.846094,6.531253,6.531706,42.663178,2.955115,0.013957,0.506522,0.0006,Close
47.563373,0.000404,59.907653,0.142869,-203.925011,451.348629,247.423618,59.991837,59.99624,3599.548815,3.452052,-3.483377,-16.61533,0.40537,Open
55.502548,0.000439,204.308524,0.599505,-202.156013,450.198738,248.042724,62.443793,62.446865,3899.610941,3.319488,-3.211635,-15.323537,0.394469,Open
2.539198,0.084209,-128.731312,-0.001372,-22.284355,45.130449,22.846094,6.537375,6.538086,42.746573,3.044428,0.025229,0.506522,0.000224,Close
40.988653,0.000488,-8.559248,1.559823,-198.370909,448.301784,249.930875,66.76024,66.750495,4455.628623,3.128182,-2.770538,-12.325669,0.419876,Open
26.022434,0.010838,-1.568667,6.357883,-159.212634,419.179297,259.966663,59.428022,59.098208,3492.598168,3.499705,0.799574,-14.595777,0.580139,Open
4.204039,0.08957,131.250481,-0.003201,-22.284355,45.130449,22.846094,6.974962,6.976734,48.674812,2.843131,-0.007813,0.506522,0.000441,Close
29.568543,0.005045,-186.628599,9.660312,-118.92322,355.812859,236.889639,53.347743,52.485805,2754.759766,3.546033,2.978917,-13.958426,0.644877,Open
3.995699,0.090463,-137.825073,-0.009603,-16.317217,31.928221,15.611003,6.157099,6.16179,37.967659,3.002217,0.003254,0.445098,0.003279,Close
40.685458,0.005544,145.657865,12.34129,-108.402645,285.897215,177.49457,54.219422,52.836483,2791.693917,3.373202,6.729869,-4.050162,0.664776,Open
44.305095,0.001055,105.681909,-12.898066,-138.052925,348.588062,210.535137,58.098704,56.66331,3210.730716,3.226787,-18.841588,-21.275924,0.562356,Open
3.133744,0.084297,30.985703,0.001905,-18.916003,37.798114,18.882111,6.158068,6.159242,37.936256,3.0328,0.002252,-2.473823,-0.000656,Close
41.682793,0.000712,-95.418138,0.068336,-145.690806,358.171417,212.480611,57.252313,57.261002,3278.822368,3.288533,-4.328585,-7.794811,0.46044,Open
33.475771,0.000809,-111.935463,0.223736,-135.690725,365.549114,229.858389,55.771316,55.776941,3111.067093,3.805603,-6.708194,-16.887263,0.757121,Open
2.108273,0.080743,85.021626,0.001951,-20.879438,41.954409,21.074971,5.937497,5.938062,35.260581,3.10015,-0.038477,-0.112005,-0.000591,Close
24.068137,0.000813,-159.459219,1.921766,-132.220519,361.306234,229.085715,52.041531,52.01044,2705.085893,4.114763,-5.139657,-14.795993,0.863933,Open
2.312336,0.092002,119.010374,0.000624,-20.879437,41.954407,21.07497,5.576131,5.576556,31.097977,3.160107,-0.014527,-0.112005,-0.000476,Close
17.005873,0.001005,138.843305,-1.339092,-145.178345,374.298526,229.120181,53.207497,53.19433,2829.636737,3.783495,-8.063465,-16.045353,0.768932,Open
30.799932,0.000767,-111.261546,0.02719,-158.32528,388.010255,229.684975,52.166243,52.169294,2721.63527,3.609572,-5.29525,-16.701537,0.649475,Open
39.375638,0.000751,-106.950326,3.032127,-156.273143,377.401308,221.128166,54.119157,54.036896,2919.986084,3.472168,-2.562005,-7.199626,0.606145,Open
1.393362,0.082749,133.408631,-0.000676,-18.16361,36.218441,18.054831,4.814548,4.814792,23.182224,2.984544,0.023739,0.851072,0.000411,Close
38.843667,0.00073,-92.513514,3.034218,-156.211556,377.909327,221.697771,54.024743,53.942407,2909.783244,3.446561,-2.296059,-18.274652,0.590349,Open
1.635798,0.082728,15.086881,-0.00078,-18.162615,36.212187,18.049572,4.691787,4.692062,22.015448,2.986413,0.030296,0.848783,0.000684,Close
36.173106,0.000731,-112.204248,3.552996,-155.992883,378.00005,222.007167,54.313874,54.200981,2937.746333,3.445147,-1.248631,-6.682863,0.561762,Open
31.620169,0.000733,-126.757753,4.121853,-158.38582,376.984827,218.599007,54.602408,54.45076,2964.885243,3.427577,-0.583593,-17.01651,0.554701,Open
28.968608,0.000707,-104.778916,4.862212,-161.957139,370.578876,208.621737,54.378195,54.165543,2933.90608,3.47704,0.228694,10.362038,0.538858,Open
2.087716,0.091348,62.07471,-0.001448,-15.294218,30.950111,15.655893,4.839378,4.839905,23.42468,3.008767,0.051089,-0.902417,0.001071,Close
33.706044,0.00059,-69.428192,5.974122,-141.774297,351.151815,209.377518,53.426346,53.098029,2819.400658,3.601505,0.914709,-17.115402,0.593841,Open
2.427223,0.086479,-89.208629,-0.002027,-15.180282,30.670167,15.489885,4.846274,4.847013,23.493533,3.122779,-0.005342,-0.918655,0.000964,Close
28.633894,0.001244,28.983139,7.825956,-127.035733,334.169786,207.134054,54.330656,53.774312,2891.676612,3.544451,1.424545,-1.722063,0.645243,Open
31.862571,0.004829,208.522583,11.96084,-122.871457,325.210003,202.338546,52.263147,50.895473,2590.349208,3.535106,4.784432,-23.682406,0.696738,Open
3.103166,0.078781,-72.505262,-0.010134,-14.360118,28.773118,14.413,4.32691,4.3302,18.750634,3.480757,-0.023984,-0.980618,0.00061,Close
55.719082,0.002799,-125.190523,-4.127325,-111.538738,284.16529,172.626552,59.674008,59.576531,3549.363069,2.649113,-7.605681,-58.968159,0.497878,Open
43.303867,0.001127,188.82429,-1.847373,-165.81555,352.363065,186.547516,52.689585,52.670572,2774.189191,3.604879,-1.594348,5.080537,0.158526,Open
2.224434,0.089814,-37.00989,-0.004471,-14.775309,29.818907,15.043598,4.870958,4.871885,23.735259,2.89093,-0.001462,0.581428,0.001841,Close
40.656656,0.000701,-92.98822,-3.240084,-126.859925,315.396119,188.536194,47.95283,47.850536,2289.673824,3.539041,-7.359966,-5.432419,0.582491,Open
22.006077,0.000756,-173.528239,2.111293,-169.520956,390.933788,221.412833,52.624487,52.587844,2765.481285,4.131081,-1.785943,0.535242,0.623284,Open
2.468724,0.080503,154.208124,-0.000162,-19.320175,38.544814,19.224639,5.357585,5.358096,28.70919,2.676023,0.005129,-1.782284,0.000204,Close
24.036135,0.000758,-53.715596,-3.211535,-169.11613,390.444868,221.328738,51.518536,51.422694,2644.29343,4.142939,-7.112407,-10.985958,0.641164,Open
1.66625,0.087311,114.976378,-0.002521,-19.320175,38.544814,19.224639,5.198674,5.199069,27.030321,2.809899,0.00748,-0.62594,0.000829,Close
30.804262,0.000719,-36.452814,3.032089,-165.946994,380.213488,214.266494,52.288462,52.204094,2725.267414,3.881545,-1.635144,-8.158396,0.599057,Open
31.208098,0.00077,-114.220916,-1.044446,-142.670604,352.603803,209.933199,52.887731,52.880518,2796.349136,3.905286,-6.913173,-10.444178,0.686207,Open
1.454238,0.087701,-152.438135,0.000229,-18.930173,37.773312,18.843139,5.020489,5.020762,25.208055,3.088352,-0.004031,1.656282,-0.000237,Close
39.325805,0.000254,45.687874,-3.160222,-210.497941,419.120665,208.622724,52.270814,52.177847,2722.527706,3.823131,-9.483693,-11.415625,0.591885,Open
41.157158,0.000261,134.807859,-1.510121,-208.589401,415.016464,206.427063,53.232574,53.214047,2831.734793,3.476096,-8.755431,-19.75691,0.54863,Open
1.94345,0.090124,30.485202,-0.000877,-18.930173,37.773312,18.843139,5.189798,5.190102,26.937161,3.298042,0.005164,-0.232383,-6.25E-05,Close
36.246275,0.000281,232.183091,-1.673416,-209.010358,417.399752,208.389394,54.798862,54.776784,3000.496109,3.46444,-9.82926,-14.919474,0.569756,Open
22.445803,0.000315,-25.625598,-2.267875,-207.615308,410.148921,202.533614,56.015361,55.973699,3133.055025,3.12021,-11.131404,-25.099038,0.463701,Open
1.95771,0.086593,-118.286667,-0.001266,-22.38613,45.28016,22.89403,5.443448,5.443909,29.636141,3.630411,0.012883,-1.330856,0.000211,Close
27.898245,0.001069,-158.159595,0.186424,-207.313124,381.618396,174.305272,50.021615,50.026034,2502.604078,3.0053,-4.219799,-33.676754,0.209651,Open
34.114286,0.001089,-38.366779,1.374348,-207.214423,381.900327,174.685904,50.4246,50.412272,2541.397184,3.100527,-3.852919,-33.449774,0.227189,Open
2.29254,0.085888,-183.286868,-0.002279,-17.503733,34.778103,17.274371,5.192153,5.192944,26.966665,3.319119,0.006992,0.05921,0.000485,Close
40.39851,0.00073,-57.699489,0.934184,-210.041337,381.525431,171.484094,57.623451,57.62686,3320.855015,2.554983,-10.357358,-36.447266,0.165396,Open
32.461063,0.001308,109.971734,1.715333,-139.089945,270.310914,131.220969,52.515496,52.507489,2757.036388,1.901607,-3.306201,-43.12957,0.061614,Open
24.644262,0.003702,81.299251,5.636594,-81.253627,213.021515,131.767888,32.392462,31.922623,1019.053838,3.195657,3.975836,2.889871,0.394724,Open
94.391014,0.000781,98.67475,-5.328429,-212.476096,395.209904,182.733808,80.55428,80.398286,6463.884326,2.556446,1.787885,6.8654,-0.231524,Open
2.418586,0.080468,171.942197,-0.000842,-22.083486,44.856843,22.773357,5.774316,5.775416,33.355433,3.612041,-0.021785,1.017788,0.000604,Close
88.336934,0.000598,-111.812432,2.591707,-214.282376,456.252286,241.96991,72.274461,72.238991,5218.471763,3.103641,11.840284,25.250074,-0.099066,Open
2.756013,0.082474,44.644193,-0.004392,-22.083486,44.856843,22.773357,5.845274,5.846015,34.175896,3.245635,-0.049404,1.017788,0.001072,Close
32.301675,0.000572,109.990096,2.343244,-175.489842,426.727924,251.238082,60.338257,60.299306,3636.0063,3.083927,5.935458,10.136805,-0.217872,Open
55.801006,0.000753,78.00559,0.716954,-164.410927,413.02085,248.609923,54.307989,54.307856,2949.343195,3.596332,2.502529,6.992726,-0.196828,Open
33.116533,0.000621,132.551615,-2.024719,-162.110591,414.187389,252.076798,52.131283,52.095559,2713.947286,3.589314,-1.527001,-6.79032,-0.070527,Open
1.682011,0.087675,173.622721,-6.38E-05,-22.755301,45.552519,22.797218,5.488741,5.48909,30.130108,3.508935,-0.003722,-0.206804,-7.89E-05,Close
25.515776,0.001008,4.889959,0.219318,-159.801259,414.765086,254.963827,52.347658,52.350268,2740.550574,3.54379,0.152681,12.326251,0.031431,Open
29.383895,0.000954,171.393455,-2.479484,-213.69766,473.269557,259.571897,55.10225,55.049233,3030.418064,5.362367,-3.814886,-22.023489,0.007292,Open
2.187479,0.087517,-16.314962,0.000975,-22.755301,45.552519,22.797218,5.758158,5.758451,33.159756,3.391088,-0.03125,-0.206804,-0.000193,Close
28.526686,0.000825,69.47582,-2.878972,-214.778249,473.115514,258.337265,56.480307,56.409956,3182.08311,5.22319,-4.008111,-18.435311,0.004832,Open
2.194494,0.087512,-73.940372,0.001125,-22.755301,45.552519,22.797218,5.852768,5.853111,34.258905,3.247662,-0.028582,-0.206804,-0.000242,Close
26.940423,0.000828,84.760022,-3.320959,-215.671295,473.081136,257.409841,58.197725,58.106586,3376.375384,5.16388,-3.833366,-9.881001,-0.062287,Open
22.857309,0.001515,-252.354623,-3.936128,-215.911579,473.09376,257.182181,61.634661,61.513537,3783.915177,4.84395,-3.993147,-10.115793,-0.064426,Open
2.491484,0.074407,116.062727,0.001625,-21.062223,42.407048,21.344825,5.825073,5.825566,33.937217,3.356462,-0.049479,-0.494804,-0.000179,Close
29.787142,0.00148,-196.523834,-4.950083,-215.256278,473.154851,257.898573,63.624626,63.437817,4024.356597,5.050759,-5.120209,-9.433918,-0.036839,Open
53.281493,0.001383,-158.412062,-7.555446,-214.754875,472.807611,258.052736,67.894381,67.48125,4553.719154,4.804682,-6.797267,-9.083564,-0.066702,Open
105.22116,0.001323,149.19297,-10.507331,-212.99055,473.363391,260.372841,79.323003,78.638995,6184.091551,3.865147,-9.486893,-21.278376,0.082279,Open
3.039787,0.089656,45.597749,0.004874,-16.91893,34.260457,17.341527,5.64816,5.649593,31.917903,3.045726,-0.074152,-0.302608,-0.001741,Close
74.808863,0.001425,-32.694244,-20.694787,-215.455357,472.900747,257.44539,104.991535,102.971014,10603.02974,2.548318,-14.509631,9.172498,0.214471,Open
4.704872,0.079795,2.3624,0.014621,-16.743109,33.642172,16.899064,5.683499,5.687818,32.351268,2.823409,-0.100287,-0.090233,-0.004535,Close
26.255246,0.003195,113.847945,-2.002955,-106.912724,194.464901,87.552177,36.601943,36.574986,1337.729613,2.683646,0.013689,2.959945,-0.163331,Open
114.465728,0.001752,22.056222,-25.316441,-380.89561,742.188607,361.292997,166.710625,164.819034,27165.31387,2.746215,12.855574,82.97227,-0.196799,Open
2.644294,0.085487,-70.371191,0.00732,-25.413841,50.362535,24.948694,5.269068,5.270067,27.77361,4.435387,-0.017887,-0.484386,-0.000304,Close
77.956016,0.000823,-49.825294,-23.686284,-398.766585,842.745905,443.97932,180.219362,178.683274,31927.7124,2.239541,12.390396,111.094687,-0.155582,Open
2.301179,0.080641,-154.006019,0.002166,-25.418511,50.370789,24.952278,6.278981,6.279779,39.43562,3.502446,0.016309,0.018737,-0.001087,Close
184.63383,0.000484,-1.949311,-9.141044,-412.76408,808.535881,395.771801,171.840316,171.615702,29451.94934,2.297104,38.384208,157.253716,-0.511769,Open
138.767355,0.000582,68.771994,-17.718622,-440.289663,948.902747,508.613084,201.52816,200.76473,40306.47668,2.082075,-1.491948,181.241637,0.039691,Open
2.014484,0.07776,23.461942,-0.000168,-23.981835,48.569711,24.587876,6.176614,6.177085,38.156376,3.449278,0.026723,0.060172,-0.000486,Close
171.33676,0.001315,34.066346,-2.196677,-436.991818,952.755733,515.763915,192.768197,192.769038,37159.90211,2.432278,3.760408,63.204942,0.166246,Open
158.255627,0.000847,58.324941,6.994595,-397.11231,925.865995,528.753685,185.222667,185.101404,34262.52975,2.46989,-0.022368,98.225998,0.28246,Open
142.148634,0.000769,-161.405576,-4.513663,-383.077965,923.896215,540.81825,187.53288,187.48808,35151.78026,2.495502,-18.543941,-36.616884,0.350941,Open
1.746346,0.086512,-132.92078,-0.001687,-27.551717,54.35126,26.799543,6.584408,6.584742,43.358831,3.489095,0.001401,0.439182,-0.000684,Close
128.471241,0.000736,-114.800756,2.085211,-402.371772,954.861239,552.489467,179.853948,179.851651,32346.61651,2.356304,-4.20882,-6.104358,0.139995,Open
1.861469,0.076837,169.764142,-0.001946,-26.000826,52.80037,26.799543,6.611909,6.612296,43.722459,3.346943,-0.002915,-0.920651,-0.000492,Close
113.484357,0.000733,-126.884919,2.489683,-370.179227,839.516239,469.337012,170.167329,170.159923,28954.39955,2.31901,-1.458011,-4.989663,0.098136,Open
99.39825,0.000752,-146.04908,2.673597,-368.930033,840.081947,471.151914,165.993306,165.984425,27550.82923,2.466382,-0.028566,-20.296025,0.097482,Open
135.722664,0.001797,69.69219,4.194758,-365.441273,838.237635,472.796362,166.67636,166.639444,27768.70437,2.50869,3.317591,-51.10216,0.069817,Open
2.807347,0.086108,-138.698307,-0.003614,-26.000835,52.800367,26.799532,6.923023,6.923776,47.938669,3.446633,-0.027915,-0.920661,0.000455,Close
186.759781,0.000684,-119.11988,4.384128,-362.236945,838.718088,476.481142,176.463362,176.431307,31128.00593,2.448225,-3.785374,-39.330482,0.175272,Open
3.816978,0.085878,-48.93681,-0.00506,-27.096574,53.624914,26.52834,6.85142,6.852463,46.956244,3.607036,-0.030534,-1.08849,0.000759,Close
199.395884,0.000807,144.416566,7.608324,-361.587503,838.001626,476.414123,180.567116,180.441139,32559.00482,2.534937,7.514295,-22.196844,0.065623,Open
66.758866,0.00222,-101.460613,0.112674,-354.937228,707.369302,352.432074,158.943409,159.003976,25282.26452,2.450486,17.639626,-26.010503,-0.548075,Open
6.645221,0.076845,121.017886,-0.025299,-23.011627,44.538597,21.526969,8.10409,8.110234,65.7759,2.808547,-0.025602,-2.30118,0.00613,Close
20.514559,0.003829,-96.300755,-70.592764,-294.026624,415.325717,121.299093,103.772845,76.120286,5794.297883,2.049934,-77.519484,11.237778,-0.060476,Open
2.982821,0.081189,152.949465,0.005096,-14.843687,29.644743,14.801056,4.674573,4.676353,21.868279,3.240633,0.019433,0.126908,-0.000525,Close
175.763622,0.000745,103.284062,-22.233526,-314.084136,731.333606,417.24947,150.496838,148.883283,22166.23192,2.52516,-49.169084,-91.027386,0.526253,Open
126.842165,0.000712,-128.97517,-11.940407,-346.612136,732.450638,385.838503,160.754591,160.33497,25707.30272,1.961778,7.566456,81.871488,-0.058892,Open
2.303489,0.077917,12.078617,0.002964,-28.159554,55.267516,27.107962,5.921429,5.922181,35.072223,4.051381,-0.008527,-0.249458,-0.002305,Close
118.447663,0.000524,-69.908197,1.103357,-340.281717,675.024941,334.743224,130.136132,130.145626,16937.884,2.583225,25.398028,81.608871,-0.4177,Open
109.840241,0.001943,-91.158193,-4.980502,-377.072829,698.712444,321.639615,136.057429,135.977757,18489.95031,2.418074,10.792969,66.609573,-0.216789,Open
95.793521,0.000639,14.015392,-2.269465,-373.032653,697.993466,324.960813,139.548523,139.539737,19471.33809,2.67289,18.922791,56.233329,-0.376754,Open
2.120278,0.087079,31.319746,-0.002061,-30.718126,59.9301,29.211974,6.549758,6.550174,42.904778,3.336178,-0.003273,0.145876,-0.000337,Close
122.973258,0.000687,-88.285234,0.560883,-375.302508,738.075215,362.772707,146.158167,146.165661,21364.40053,2.442646,18.597179,56.471493,-0.225815,Open
105.504987,0.001036,64.794864,-0.978218,-375.509377,737.10082,361.591442,146.412209,146.416381,21437.75657,2.327554,18.170201,55.694602,-0.243508,Open
1.928574,0.086952,24.321486,-0.001132,-30.718126,59.9301,29.211974,6.104866,6.105176,37.273171,3.681641,-0.019349,1.344478,-0.000113,Close
110.041217,0.001048,-186.826211,-4.455127,-370.192439,734.438709,364.24627,144.80466,144.74399,20950.82274,2.198175,10.714022,66.798593,-0.185084,Open
2.090629,0.086943,55.936805,-0.001306,-24.588198,48.106548,23.51835,6.061553,6.061908,36.746733,3.433709,-0.021402,-0.294392,-0.000271,Close
116.892804,0.001067,-79.929202,-4.899186,-372.834429,737.805546,364.971117,147.029127,146.956815,21596.30546,2.177755,2.854332,-7.620684,-0.111038,Open
118.171633,0.001034,123.665009,-3.796085,-320.56268,721.059951,400.497271,148.122412,148.085048,21929.18142,2.172757,-2.907481,-151.113592,0.124779,Open
2.142352,0.085953,-159.513649,-0.001887,-24.430857,49.841858,25.411,6.139026,6.139545,37.694018,3.655969,-0.058802,1.237699,-7.76E-05,Close
125.656272,0.001002,-91.297983,-8.297265,-305.618375,571.642219,266.023844,134.590657,134.347458,18049.23959,1.882442,-3.262542,165.986455,-0.050585,Open
145.862861,0.000918,90.252222,-16.105204,-311.288912,546.587638,235.298726,127.047391,126.038478,15885.69787,2.08953,-13.058236,-24.330402,-0.192527,Open
152.002868,0.000888,166.81448,-15.973737,-288.28315,541.640981,253.357832,134.895359,133.971779,17948.43766,1.841629,-29.256338,-133.91547,0.142746,Open
3.225796,0.089378,-75.329669,-0.00566,-21.365076,42.648431,21.283355,5.30717,5.308516,28.180342,4.04051,-0.049552,-0.254103,0.002831,Close
185.746248,0.001537,119.398728,-36.828084,-276.298436,540.224436,263.926,134.360956,129.264437,16709.29456,2.270461,-67.652362,-79.116517,0.483527,Open
6.06841,0.092494,-145.836021,-0.016979,-22.392933,44.368852,21.975919,6.981832,6.987139,48.820109,3.372391,-0.084959,0.013337,0.006766,Close
8.423651,0.004833,-44.524194,-2.715825,-33.75405,93.992069,60.238018,12.35508,12.062093,145.494076,6.444667,-3.291391,-2.266707,1.041568,Open
1.935726,0.080375,40.002412,0.000197,-7.520664,15.028901,7.508237,2.803599,2.804668,7.866161,2.978662,-0.001081,0.068931,-0.002323,Close
6.317475,0.011791,-125.145778,-0.471382,-40.823385,103.427068,62.603684,13.454202,13.44936,180.885274,4.075169,-1.250037,4.16739,0.500163,Open
4.007331,0.01145,-74.04098,0.010279,-39.374161,94.746322,55.372161,12.855915,12.857871,165.324837,3.537228,-0.095119,3.735416,0.27988,Open
4.607971,0.004519,128.228197,-0.27925,-53.709964,122.630023,68.92006,13.823235,13.82192,191.045461,4.051103,-0.323812,3.312997,0.188164,Open
1.199219,0.083523,-83.203029,0.000366,-9.620855,19.368105,9.74725,2.811753,2.812021,7.90746,3.024742,-0.001037,0.353719,-0.000399,Close
5.199041,0.004465,113.835427,-0.015208,-53.937337,122.546234,68.608897,13.927908,13.929079,194.019244,4.018931,-0.099415,1.821199,0.149493,Open
0.94006,0.083952,-28.404907,-0.000186,-10.516032,20.821269,10.305237,2.740859,2.741067,7.513451,3.253135,-0.001132,0.415134,-0.000289,Close
4.930136,0.007096,-98.839038,0.431722,-54.509425,127.476067,72.966642,13.875489,13.869732,192.369464,4.340429,0.215185,-1.606857,0.256473,Open
4.352407,0.007094,10.579535,0.054443,-76.146957,152.428631,76.281674,15.440044,15.440853,238.419952,5.08914,-0.491707,-2.219071,0.372467,Open
4.832172,0.003628,-28.408421,0.0433,-76.005505,168.191944,92.186439,16.936004,16.936809,286.855515,5.075391,-0.733849,-2.842009,0.494792,Open
0.952745,0.082067,-14.098305,-0.00113,-13.051368,25.45147,12.400103,2.945554,2.945703,8.677166,3.488565,-0.001594,-0.198375,0.000166,Close
6.08175,0.007363,79.929637,0.30609,-78.122962,181.114139,102.991177,18.200395,18.198812,331.19675,5.524605,-0.736045,-2.960594,0.630316,Open
7.306738,0.007328,13.364348,0.360512,-78.077988,181.113338,103.03535,18.992994,18.990779,360.649672,5.335526,-0.813336,-2.915953,0.645643,Open
1.0875,0.081178,106.308937,-0.001541,-12.178437,24.4332,12.254763,3.039874,3.040085,9.242114,3.198166,-0.005018,-1.061331,0.000379,Close
8.787014,0.00737,168.195455,0.451477,-78.178638,181.11359,102.934953,19.679743,19.676064,387.147479,5.181299,-0.657048,0.605774,0.605295,Open
1.106462,0.079356,-15.788641,-0.001884,-12.178437,24.4332,12.254763,3.089136,3.089397,9.544376,3.221781,-0.004058,-1.061331,0.000519,Close
8.826237,0.007346,57.8033,0.486369,-78.0946,181.116581,103.021981,20.289708,20.28581,411.514098,5.213384,-1.051618,-2.931219,0.648529,Open
7.484746,0.006439,136.091078,0.728475,-78.184435,181.11488,102.930445,21.254366,21.244577,451.332056,4.988195,-0.840605,0.600537,0.589659,Open
1.353832,0.0848,42.312277,-0.003391,-9.286843,18.778329,9.491485,2.967886,2.968336,8.811021,2.999191,-0.007272,0.947346,-0.000184,Close
8.230123,0.004373,135.534759,1.146631,-78.200138,181.113673,102.913535,21.967778,21.942014,481.451983,5.155271,-0.403268,0.58431,0.740061,Open
12.061468,0.006256,128.400844,2.386956,-78.657407,181.124878,102.467471,25.913783,25.813455,666.334447,4.329249,0.2308,0.131915,0.624719,Open
1.593781,0.086107,172.002051,-0.016956,-9.286844,18.77833,9.491486,2.697709,2.699714,7.288456,4.010946,-0.006581,0.008429,-0.001996,Close
6.9278,0.059045,-14.387525,-0.554977,-40.261385,78.69281,38.431425,13.517767,13.516676,182.700522,3.103775,-0.535733,4.986981,0.11505,Open
14.572408,0.006401,-54.271145,-0.968053,-76.806318,178.579298,101.77298,20.305153,20.287218,411.571234,6.628939,-2.136092,-2.69591,0.862358,Open
1.033574,0.078239,123.786175,-0.001342,-8.089452,16.027205,7.937753,2.387986,2.388441,5.70465,2.956651,-0.00157,0.324831,0.003076,Close
5.646878,0.004687,201.640894,-0.291541,-62.460096,132.401276,69.941179,15.809329,15.809051,249.926087,5.131086,-1.028604,-0.893503,0.406332,Open
5.237237,0.012998,-73.96966,0.163984,-55.518545,138.202194,82.683649,14.557787,14.558449,211.94843,5.870122,-0.652241,-3.692722,0.714774,Open
1.056092,0.087418,-180.56424,-0.00071,-10.890521,21.755756,10.865235,2.629053,2.629304,6.913238,3.345974,-0.017525,-0.121422,0.000926,Close
4.033175,0.009193,62.949804,-0.278142,-45.740088,127.934833,82.194746,14.098845,14.097295,198.733736,5.322163,-0.872354,-4.161267,0.668975,Open
2.905601,0.006092,-16.175088,-0.220914,-71.861471,185.120148,113.258677,15.500417,15.499917,240.247433,6.548469,-0.733676,1.260988,0.462445,Open
0.920777,0.081483,-137.379986,-0.000715,-12.566263,24.857063,12.2908,2.897964,2.898148,8.399264,3.528194,-0.013336,-0.262017,0.000186,Close
4.086234,0.007103,-18.72163,-0.00891,-90.052549,203.413889,113.36134,17.00522,17.006215,289.211335,6.754389,-0.30359,0.466631,0.329517,Open
1.136172,0.076467,174.449061,-0.000685,-12.566263,24.857063,12.2908,2.962427,2.962588,8.77693,3.328887,-0.011484,-0.262017,0.000325,Close
5.276052,0.006746,197.299797,-0.331829,-90.169444,203.549838,113.380394,18.93873,18.936785,358.601828,5.734984,-0.36937,0.410234,0.076118,Open
6.014889,0.000738,-73.033215,0.107846,-90.06322,203.256843,113.193623,19.695169,19.695946,387.930274,5.39991,-0.009002,0.386075,0.079811,Open
1.374675,0.076479,23.23002,-0.000868,-12.566263,24.857063,12.2908,2.966411,2.966585,8.800625,3.253585,-0.018703,-0.262017,0.000313,Close
7.033491,0.000802,178.350671,0.130904,-89.983563,202.867141,112.883577,20.682355,20.683254,427.797001,5.111085,-0.080027,0.292314,0.081177,Open
8.173985,0.000835,149.993218,0.097489,-90.517024,197.753082,107.236059,20.447718,20.449044,418.163399,4.897253,-0.097167,-0.539371,0.008518,Open
1.420692,0.07645,-63.703097,-0.001254,-11.333491,22.732893,11.399402,2.991417,2.99167,8.950092,3.095639,-0.021116,-0.080709,0.000752,Close
8.775649,0.000869,141.953738,0.105916,-90.543737,197.783562,107.239825,21.790657,21.792476,474.911989,4.556775,0.054004,-0.552216,-0.021305,Open
8.396191,0.005018,-115.344874,0.279559,-77.461719,186.055392,108.593673,21.323497,21.324373,454.728901,4.421624,0.185416,-0.248731,0.016132,Open
11.265732,0.005164,48.984643,0.109469,-74.494872,149.630387,75.135515,20.714832,20.718491,429.255861,4.094156,-0.738673,-4.916742,0.24539,Open
1.882896,0.078107,-63.278954,-0.003762,-11.333491,22.732893,11.399402,3.096066,3.096851,9.590486,2.961559,-0.009235,1.737922,0.002348,Close
18.860759,0.003322,-66.496167,0.069759,-76.501867,149.558675,73.056808,25.320712,25.330271,641.622619,3.159763,-0.957853,-6.957083,0.067332,Open
11.625854,0.00535,71.604319,1.593812,-38.846278,94.78696,55.940682,13.808557,13.726735,188.423251,4.040827,0.82473,-0.45756,0.452775,Open
8.830631,0.007481,48.389421,-0.096021,-57.215132,142.318774,85.103642,16.153478,16.157298,261.058294,4.152737,0.403957,-0.999217,-0.002105,Open
2.040976,0.076116,-57.801934,-0.001147,-11.932942,23.812047,11.879105,3.331391,3.332025,11.102393,3.796583,-0.037623,-0.384099,0.000622,Close
3.606723,0.000659,91.85496,-0.455052,-55.948259,142.51866,86.570401,15.273076,15.268623,233.130857,4.108933,-0.374196,-2.503762,0.127206,Open
1.205668,0.075074,-72.866577,1.32E-05,-8.386736,16.817432,8.430696,2.826301,2.826661,7.99001,2.864528,-0.000179,0.106067,0.000653,Close
4.312695,0.004032,-146.017289,0.095227,-86.099785,159.30204,73.202256,15.397489,15.398872,237.125244,5.637696,0.079225,0.719827,0.035559,Open
5.656858,0.00448,102.526892,-0.267573,-86.262662,166.572641,80.30998,16.074953,16.074087,258.376277,5.800467,-0.518497,1.187975,0.287545,Open
1.08487,0.078901,-126.953952,-0.001,-11.40741,22.491744,11.084334,2.88448,2.8847,8.321495,3.399805,0.004457,0.175839,-4.53E-05,Close
5.423835,0.008795,118.231256,-0.069139,-86.27488,166.575045,80.300164,16.297571,16.298554,265.642848,5.584395,-0.389815,1.177018,0.303024,Open
5.430466,0.001047,-16.238344,-0.427297,-150.460614,302.990705,152.530091,19.855844,19.85241,394.118182,9.502131,0.630572,2.549692,-0.895645,Open
9.01939,0.000459,135.823186,0.506036,-150.405037,302.990469,152.585432,18.611851,18.605916,346.18012,10.147077,1.456151,2.60515,-0.997696,Open
1.426727,0.084403,169.706134,0.000374,-23.533847,46.64657,23.112723,3.292413,3.29258,10.841086,5.773779,-0.003374,0.022671,-0.000632,Close
10.048176,0.000484,-63.649247,0.641991,-150.398025,302.993058,152.595033,19.091036,19.081277,364.095137,9.920174,1.735769,2.613469,-0.99362,Open
1.291022,0.084474,-9.261949,0.000432,-23.533847,46.64657,23.112723,3.317768,3.317962,11.008874,6.054453,-0.00262,0.022671,-0.000613,Close
10.198254,0.000449,-171.455777,0.753939,-150.446982,302.98344,152.536458,19.164136,19.150516,366.742272,10.819192,2.161117,2.559656,-1.240196,Open
7.51814,0.000498,6.410464,0.910817,-150.357962,302.984051,152.626089,20.123301,20.10421,404.179279,10.569892,2.631979,2.648984,-1.307034,Open
1.273663,0.079812,96.507951,0.000623,-23.533847,46.64657,23.112723,3.22861,3.228884,10.425689,7.531526,-0.005702,0.022671,9.21E-05,Close
4.345087,0.013034,-19.134132,0.863318,-103.643052,171.981308,68.338255,18.753264,18.735167,351.006482,7.759328,2.592318,3.845265,-1.209154,Open
5.046819,0.013006,27.291859,-0.254704,-53.522424,122.243153,68.720729,14.354861,14.354425,206.049517,4.155757,-0.710953,2.09821,0.418168,Open
4.531411,0.012992,54.128024,-1.396204,-56.192147,123.076981,66.884834,14.850185,14.787223,218.661956,4.103217,-1.461171,-1.422891,0.315782,Open
1.808186,0.08803,-76.27306,0.00187,-9.870932,20.163275,10.292343,3.052332,3.053107,9.321464,3.275444,-0.001957,-0.091743,0.001087,Close
7.941849,0.006466,-33.14364,-2.867011,-57.803731,122.132363,64.328632,15.308812,15.043686,226.312479,4.237229,-2.451054,0.209141,0.193355,Open
1.974354,0.081102,-60.909154,0.00561,-6.733226,13.381745,6.648518,2.280066,2.281799,5.206607,3.091427,-0.007519,-0.109263,-0.003434,Close
10.458491,0.374769,-230.765389,-12.195886,-66.707049,109.618361,42.911313,20.813427,16.878785,284.893394,3.042895,-12.779442,-19.023061,0.067737,Open
1.623787,0.081727,-25.310813,-0.003366,-6.789931,13.559236,6.769306,2.418197,2.419116,5.852124,2.733252,0.025335,-0.891663,0.000323,Close
10.374516,0.374768,28.246875,-0.829051,-55.316844,126.61092,71.294076,17.661663,17.646678,311.405253,3.793198,-2.04302,-6.57164,0.407254,Open
10.456794,0.374788,-85.522016,0.244901,-51.959699,126.305733,74.346034,16.97739,16.978212,288.259666,3.497225,-0.630512,-0.805877,0.376077,Open
10.41815,0.374777,-178.980499,0.146784,-76.349568,178.858261,102.508694,17.600965,17.60227,309.83991,4.655326,-0.448368,-5.700554,0.326403,Open
1.055355,0.088668,178.973901,0.000572,-12.810377,25.55038,12.740003,2.730232,2.730492,7.455585,3.885049,-0.004393,0.092565,-0.00016,Close
10.460361,0.374766,82.131633,-0.415063,-76.26094,178.850392,102.589452,17.261984,17.258455,297.854278,4.46327,-1.068269,-5.615035,0.311846,Open
10.456356,0.37477,-33.250173,-0.205339,-56.309296,132.366977,76.057682,16.38704,16.386889,268.530123,3.481981,-0.862826,1.270339,0.237134,Open
0.95289,0.083132,-64.292082,-0.000217,-22.806584,45.270237,22.463654,3.042468,3.042661,9.257785,7.547475,-0.01385,0.054886,-0.000694,Close
10.426181,0.374778,209.475113,0.014159,-72.747536,149.013383,76.265847,16.963638,16.964627,287.798562,3.508701,-0.640786,-1.966179,0.182513,Open
10.380938,0.374766,120.903445,0.039194,-72.859361,149.583315,76.723954,16.886917,16.88773,285.195422,3.519126,-0.643853,-1.807287,0.207821,Open
0.968359,0.077887,-163.11663,0.000277,-22.806584,45.270237,22.463654,2.792526,2.792668,7.798995,7.856981,-0.021466,0.054886,-0.001457,Close
10.402948,0.374761,18.05591,0.041195,-72.860614,149.491578,76.630964,16.964422,16.965296,287.821252,3.534264,-0.63832,-1.852114,0.19996,Open
10.380194,0.374759,-92.790697,0.047198,-72.863887,144.835222,71.971335,16.899912,16.90092,285.641086,3.477552,-0.449166,-1.170452,0.143282,Open
1.005594,0.07785,-3.547385,0.000378,-22.806584,45.270237,22.463654,2.678853,2.679039,7.177249,8.989804,-0.016723,0.054886,-0.002207,Close
10.375806,0.374761,150.909754,0.09039,-72.647128,145.637295,72.990168,16.949697,16.950748,287.327865,3.51235,-0.467904,-0.556666,0.157457,Open
0.862068,0.090773,-45.98189,0.000462,-22.806584,45.270237,22.463654,2.771352,2.771587,7.681693,9.359809,-0.014654,0.054886,-0.00242,Close
10.377064,0.374765,34.553215,0.074973,-72.94904,138.986284,66.037244,17.234689,17.236168,297.085487,3.430462,-0.481836,-4.150829,0.126386,Open
10.389598,0.374767,-77.281332,0.057557,-61.562956,127.504139,65.941184,16.910846,16.912897,286.046087,3.377267,-0.499423,-0.998489,0.138331,Open
1.029997,0.084551,-148.77129,0.000832,-7.35112,14.591645,7.240525,2.492229,2.492608,6.213097,2.752998,-0.00391,-0.274172,-0.001721,Close
10.394444,0.37477,171.038894,0.30151,-55.687883,122.146646,66.458763,16.605523,16.60595,275.757578,3.380247,-0.595086,5.996173,0.26922,Open
10.371776,0.374769,62.50487,0.549155,-49.813033,109.163448,59.350415,16.670559,16.667865,277.817733,3.355842,-0.445331,-0.143664,0.283455,Open
10.288953,0.374831,72.756163,-1.010494,-52.702961,100.838135,48.135174,15.215828,15.193822,230.852218,3.541619,-0.87659,1.245441,-0.102945,Open
10.238522,0.374805,-4.945035,1.467176,-46.824942,109.834044,63.009102,15.812927,15.748716,248.02207,3.128372,1.126608,-0.145473,0.227222,Open
1.806768,0.08443,23.242518,-0.00065,-11.014039,22.231485,11.217446,2.922762,2.923319,8.545794,3.604625,0.019101,0.435176,0.001893,Close
10.234476,0.37478,-91.848734,0.388502,-52.68493,116.785907,64.100977,16.718214,16.716248,279.432952,3.123479,0.15674,2.788376,0.143859,Open
1.17434,0.082776,-82.371194,-0.001569,-17.080781,33.837383,16.756601,3.053212,3.0536,9.324471,5.561109,0.009917,0.007097,-0.000673,Close
10.272052,0.374793,157.89769,0.159126,-54.511501,154.181808,99.670307,16.606518,16.607564,275.811172,4.140581,-0.176801,1.764859,0.340191,Open
10.228325,0.374791,63.402716,0.179757,-60.6199,160.092612,99.472712,16.530872,16.531295,273.283704,4.071739,-0.024972,1.015756,0.303023,Open
0.840707,0.079331,26.775999,-0.001491,-11.076629,22.34443,11.267802,2.687039,2.687243,7.221275,3.616735,-0.00039,-0.016136,-0.001382,Close
10.243125,0.374786,-32.006997,-0.079884,-76.29364,176.4838,100.19016,16.66643,16.667393,277.801991,4.655698,-0.098204,0.476813,0.250763,Open
10.253162,0.374785,227.897059,-0.050426,-76.335326,176.8904,100.555074,16.281355,16.282232,265.111072,4.57601,-0.205785,0.611998,0.237621,Open
10.104441,0.37476,-197.259296,0.062477,-76.338498,161.839733,85.501235,16.400949,16.401663,269.014559,4.048455,0.019662,0.535375,0.051087,Open
0.852959,0.082692,-201.159708,-0.000427,-11.050683,22.244742,11.194059,2.746257,2.746396,7.542691,3.866582,0.009544,-0.039536,0.000419,Close
10.12707,0.374744,75.264941,-0.12284,-76.010032,161.819949,85.809917,16.292341,16.292765,265.454178,4.075703,-0.13249,-2.381955,0.010305,Open
10.178363,0.37473,-24.733896,-0.150888,-76.163639,161.822002,85.658363,16.535364,16.535726,273.43022,4.164855,-0.178285,-2.534628,0.003902,Open
0.836847,0.082687,-208.109496,-0.000582,-10.875031,21.88407,11.009039,2.742913,2.743103,7.524616,3.754808,0.009544,-0.042416,0.000229,Close
10.196953,0.374721,215.322704,-0.152663,-72.248316,141.155382,68.907066,16.000057,16.000548,256.017544,3.539833,-0.189975,-2.376402,-0.017632,Open
10.206928,0.374714,90.157038,-0.225766,-72.211447,141.151779,68.940332,16.282412,16.282398,265.1165,3.627969,-0.220545,-2.341317,-0.044864,Open
1.117374,0.086634,43.092827,-0.000915,-10.875031,21.88407,11.009039,2.730019,2.730316,7.454625,4.188328,0.013379,-0.480098,-0.000147,Close
10.213265,0.374712,-43.422008,-0.252185,-72.20582,141.156454,68.950635,16.745286,16.745514,280.412236,3.669862,-0.049759,6.136012,-0.089293,Open
1.282812,0.077278,70.238222,-0.001281,-10.875031,21.88407,11.009039,2.854783,2.855218,8.152272,4.299562,-0.006069,-0.042416,-0.00011,Close
10.237798,0.374712,180.020832,-0.119481,-71.289313,141.203,69.913687,17.616579,17.619531,310.447887,3.711055,0.243653,-1.393828,-0.098833,Open
11.288871,0.008655,-64.000414,0.099404,-72.198002,141.176126,68.978124,19.569033,19.576242,383.229262,3.841182,0.733694,0.507703,-0.266419,Open
1.93204,0.089737,-199.013349,-0.006407,-10.875032,21.884073,11.009042,3.350567,3.353118,11.243401,3.665143,0.021886,-0.480097,0.004027,Close
9.54437,0.374817,-104.13611,-7.831693,-55.272089,102.039122,46.767033,16.791805,14.86493,220.966144,3.09471,-7.347549,-5.783115,0.008228,Open
1.236736,0.081434,-233.961778,0.001171,-7.972546,15.950557,7.978011,2.506896,2.507852,6.289321,2.678562,0.040077,-0.874548,-0.000951,Close
9.582063,0.374852,-185.602718,0.356472,-73.178286,174.768034,101.589748,17.691773,17.692677,313.030818,6.539096,0.046484,6.34117,0.636324,Open
9.600376,0.374847,102.046067,0.859252,-91.9681,216.761484,124.793384,20.904913,20.890432,436.410145,7.978407,0.218676,0.15553,0.760361,Open
1.199572,0.078689,-107.198783,0.000744,-10.523129,21.236742,10.713613,2.741149,2.741497,7.515804,3.732024,0.034825,0.201425,-0.000181,Close
9.62155,0.374874,20.354701,-0.353359,-91.504417,216.674967,125.17055,18.238119,18.236681,332.576533,8.484526,-0.959685,-5.917805,0.731324,Open
9.560182,0.374857,-27.214974,-0.150763,-91.192569,216.632951,125.440382,17.770161,17.771026,315.809367,7.922101,-0.682179,-5.622553,0.608964,Open
9.568215,0.374867,256.546646,-0.037112,-64.493576,124.914822,60.421246,15.843952,15.845007,251.064233,3.584654,-0.217922,-0.162443,-0.036835,Open
0.916993,0.09028,136.015689,0.000329,-12.573795,24.9663,12.392505,2.993274,2.993464,8.960829,4.246518,-0.014112,0.034186,-9.35E-06,Close
9.555392,0.374878,-181.64578,0.071934,-64.853606,139.369162,74.515556,16.109914,16.110698,259.554604,3.788919,-0.040515,-0.046946,0.008717,Open
9.497029,0.374891,101.108775,-0.096011,-75.296472,149.912634,74.616162,16.154119,16.154655,260.97287,3.869724,-0.257682,0.409408,0.051434,Open
0.859318,0.084084,131.369488,-0.000512,-25.679611,51.762247,26.082637,3.023559,3.023712,9.142837,8.921096,-0.014349,-0.057298,0.000419,Close
9.465228,0.374903,36.784133,0.094322,-75.258664,149.740813,74.482149,16.160378,16.160982,261.177351,3.938369,-0.035595,0.360446,0.032981,Open
0.981661,0.079324,57.832265,-0.000591,-25.679611,51.762247,26.082637,2.999309,2.999485,8.996909,9.856218,-0.016399,-0.057298,0.000418,Close
9.495686,0.374911,-21.191346,0.110571,-75.282412,149.819692,74.53728,15.991874,15.992507,255.760286,3.987551,-0.121739,0.376533,0.089934,Open
9.513834,0.374921,-75.021383,0.123332,-75.2164,149.529732,74.313332,16.300529,16.301305,265.732545,4.037663,-0.097645,0.296114,0.096933,Open
0.748413,0.078946,-39.272613,-0.000854,-25.679611,51.762247,26.082637,3.150908,3.151175,9.929903,11.090651,-0.006286,-0.057298,0.000713,Close
9.510558,0.37493,-122.024156,0.165093,-75.256966,143.481366,68.2244,15.355649,15.356225,235.813643,3.753828,-0.078079,0.070751,0.209287,Open
9.500911,0.374939,-160.438611,0.236805,-75.175825,143.576942,68.401117,15.204471,15.204558,231.178588,3.72038,0.007163,0.202069,0.207922,Open
9.497151,0.374944,-191.227381,0.343515,-75.191385,143.543169,68.351784,15.288485,15.287538,233.708827,4.06597,-0.002847,0.168779,0.238897,Open
2.488501,0.084574,71.070476,-0.002562,-25.679611,51.762247,26.082637,3.693166,3.694104,13.646403,14.178,-0.000723,0.460324,0.000759,Close
9.464479,0.374948,-218.15974,0.763656,-76.087095,136.3545,60.267405,15.594604,15.581834,242.793557,4.19476,-0.097957,-0.410347,-0.070351,Open
2.117763,0.081373,35.364058,-0.007687,-6.243177,12.562733,6.319556,2.445365,2.447219,5.988881,2.358879,0.001926,-0.024624,0.001654,Close
